Variant_ID,prediction_label,pathogenic_probability,calibrated_risk,confidence_level,uncertainty_score,expert_review_flag
VAR_T00000,1,0.0271,0.0,96.6,0.0,False
VAR_T00001,1,0.9769,100.0,96.95,0.0,False
VAR_T00002,1,0.0208,0.0,93.43,0.0,False
VAR_T00003,1,0.9756,100.0,96.61,0.0,False
VAR_T00004,1,0.0221,0.0,92.06,0.0,False
VAR_T00005,1,0.0246,0.0,97.75,0.0,False
VAR_T00006,1,0.9773,100.0,96.21,0.0,False
VAR_T00007,1,0.0258,0.0,97.92,0.0,False
VAR_T00008,1,0.9765,100.0,97.36,0.0,False
VAR_T00009,1,0.0249,0.0,96.12,0.0,False
VAR_T00010,1,0.9759,100.0,97.23,0.0,False
VAR_T00011,1,0.0252,0.0,98.04,0.0,False
VAR_T00012,1,0.0267,0.0,96.66,0.0,False
VAR_T00013,1,0.9769,100.0,97.53,0.0,False
VAR_T00014,1,0.9747,100.0,97.65,0.0,False
VAR_T00015,1,0.9751,100.0,97.61,0.0,False
VAR_T00016,1,0.9768,100.0,96.93,0.0,False
VAR_T00017,1,0.977,100.0,97.91,0.0,False
VAR_T00018,1,0.0248,0.0,97.23,0.0,False
VAR_T00019,1,0.0213,0.0,94.42,0.0,False
VAR_T00020,1,0.9773,100.0,96.09,0.0,False
VAR_T00021,1,0.0246,0.0,98.2,0.0,False
VAR_T00022,1,0.0248,0.0,97.03,0.0,False
VAR_T00023,1,0.0241,0.0,97.08,0.0,False
VAR_T00024,1,0.0227,0.0,92.33,0.0,False
VAR_T00025,1,0.9767,100.0,98.68,0.0,False
VAR_T00026,1,0.0248,0.0,97.2,0.0,False
VAR_T00027,1,0.9772,100.0,97.07,0.0,False
VAR_T00028,1,0.9774,100.0,97.17,0.0,False
VAR_T00029,1,0.9774,100.0,97.05,0.0,False
VAR_T00030,1,0.9766,100.0,97.96,0.0,False
VAR_T00031,1,0.9772,100.0,98.45,0.0,False
VAR_T00032,1,0.9773,100.0,97.41,0.0,False
VAR_T00033,1,0.9768,100.0,96.29,0.0,False
VAR_T00034,1,0.0233,0.0,90.36,0.0,False
VAR_T00035,1,0.9736,100.0,97.53,0.0,False
VAR_T00036,1,0.0219,0.0,89.9,0.0,False
VAR_T00037,1,0.0208,0.0,94.33,0.0,False
VAR_T00038,1,0.0245,0.0,98.7,0.0,False
VAR_T00039,1,0.977,100.0,97.92,0.0,False
VAR_T00040,1,0.9768,100.0,97.04,0.0,False
VAR_T00041,1,0.0245,0.0,98.56,0.0,False
VAR_T00042,1,0.977,100.0,97.97,0.0,False
VAR_T00043,1,0.9741,100.0,97.36,0.0,False
VAR_T00044,1,0.0244,0.0,98.15,0.0,False
VAR_T00045,1,0.9768,100.0,97.54,0.0,False
VAR_T00046,1,0.9768,100.0,97.94,0.0,False
VAR_T00047,1,0.9773,100.0,98.83,0.0,False
VAR_T00048,1,0.9769,100.0,98.22,0.0,False
VAR_T00049,1,0.0229,0.0,89.93,0.0,False
VAR_T00050,1,0.0257,0.0,97.51,0.0,False
VAR_T00051,1,0.9772,100.0,97.4,0.0,False
VAR_T00052,1,0.0208,0.0,97.01,0.2,False
VAR_T00053,1,0.977,100.0,96.66,0.0,False
VAR_T00054,1,0.9773,100.0,97.34,0.0,False
VAR_T00055,1,0.0244,0.0,98.95,0.0,False
VAR_T00056,1,0.0226,0.0,94.18,0.0,False
VAR_T00057,1,0.0251,0.0,96.97,0.0,False
VAR_T00058,1,0.0222,0.0,94.59,0.0,False
VAR_T00059,1,0.9764,100.0,94.98,0.0,False
VAR_T00060,1,0.025,0.0,96.9,0.0,False
VAR_T00061,1,0.9764,100.0,97.07,0.0,False
VAR_T00062,1,0.0247,0.0,97.65,0.0,False
VAR_T00063,1,0.0246,0.0,97.67,0.0,False
VAR_T00064,1,0.0255,0.0,97.3,0.0,False
VAR_T00065,1,0.0244,0.0,96.74,0.0,False
VAR_T00066,1,0.9769,100.0,97.46,0.0,False
VAR_T00067,1,0.0222,0.0,92.96,0.0,False
VAR_T00068,1,0.9764,100.0,96.43,0.0,False
VAR_T00069,1,0.0242,0.0,98.29,0.0,False
VAR_T00070,1,0.0245,0.0,98.39,0.0,False
VAR_T00071,1,0.977,100.0,97.68,0.0,False
VAR_T00072,1,0.0246,0.0,97.79,0.0,False
VAR_T00073,1,0.0247,0.0,98.47,0.0,False
VAR_T00074,1,0.9764,100.0,97.24,0.0,False
VAR_T00075,1,0.9765,100.0,97.0,0.0,False
VAR_T00076,1,0.0245,0.0,96.95,0.0,False
VAR_T00077,1,0.9753,100.0,97.51,0.0,False
VAR_T00078,1,0.9766,100.0,98.62,0.0,False
VAR_T00079,1,0.021,0.0,96.48,0.0,False
VAR_T00080,1,0.9767,100.0,98.76,0.0,False
VAR_T00081,1,0.9771,100.0,96.67,0.0,False
VAR_T00082,1,0.0247,0.0,97.68,0.0,False
VAR_T00083,1,0.0202,0.0,96.87,0.0,False
VAR_T00084,1,0.02,0.0,97.62,0.0,False
VAR_T00085,1,0.0242,0.0,97.17,0.0,False
VAR_T00086,1,0.0242,0.0,97.52,0.0,False
VAR_T00087,1,0.9766,100.0,98.34,0.0,False
VAR_T00088,1,0.9766,100.0,99.14,0.0,False
VAR_T00089,1,0.0247,0.0,98.32,0.0,False
VAR_T00090,1,0.0244,0.0,98.99,0.0,False
VAR_T00091,1,0.0245,0.0,97.99,0.0,False
VAR_T00092,1,0.9772,100.0,97.94,0.0,False
VAR_T00093,1,0.9766,100.0,95.19,0.029,False
VAR_T00094,1,0.0262,0.0,97.08,0.0,False
VAR_T00095,1,0.0249,0.0,98.16,0.0,False
VAR_T00096,1,0.9761,100.0,96.32,0.0,False
VAR_T00097,1,0.0247,0.0,98.75,0.0,False
VAR_T00098,1,0.0284,0.12,97.01,0.0,False
VAR_T00099,1,0.0249,0.0,96.88,0.0,False
VAR_T00100,1,0.9758,100.0,96.88,0.0,False
VAR_T00101,1,0.9764,100.0,98.05,0.0,False
VAR_T00102,1,0.9769,100.0,96.75,0.0,False
VAR_T00103,1,0.0205,0.0,95.58,0.0,False
VAR_T00104,1,0.9766,100.0,97.24,0.0,False
VAR_T00105,1,0.9737,100.0,98.1,0.0,False
VAR_T00106,1,0.9768,100.0,97.78,0.0,False
VAR_T00107,1,0.9763,100.0,97.36,0.0,False
VAR_T00108,1,0.9748,100.0,91.01,0.0,False
VAR_T00109,1,0.9766,100.0,98.52,0.0,False
VAR_T00110,1,0.9773,100.0,97.76,0.0,False
VAR_T00111,1,0.0257,0.0,97.74,0.0,False
VAR_T00112,1,0.0214,0.0,95.83,0.0,False
VAR_T00113,1,0.0256,0.0,98.24,0.0,False
VAR_T00114,1,0.9763,100.0,97.41,0.0,False
VAR_T00115,1,0.9754,100.0,96.51,0.0,False
VAR_T00116,1,0.0269,0.0,97.44,0.0,False
VAR_T00117,1,0.9774,100.0,97.1,0.0,False
VAR_T00118,1,0.9766,100.0,98.84,0.0,False
VAR_T00119,1,0.0256,0.0,97.53,0.0,False
VAR_T00120,1,0.0246,0.0,98.22,0.0,False
VAR_T00121,1,0.0244,0.0,98.05,0.0,False
VAR_T00122,1,0.0199,0.0,99.42,0.2,False
VAR_T00123,1,0.977,100.0,97.59,0.0,False
VAR_T00124,1,0.9769,100.0,98.44,0.0,False
VAR_T00125,1,0.031,0.39,97.03,0.0,False
VAR_T00126,1,0.9773,100.0,97.75,0.0,False
VAR_T00127,1,0.9732,100.0,97.23,0.0,False
VAR_T00128,1,0.0203,0.0,97.32,0.0,False
VAR_T00129,1,0.9765,100.0,96.14,0.0,False
VAR_T00130,1,0.0203,0.0,96.92,0.0,False
VAR_T00131,1,0.0207,0.0,94.5,0.0,False
VAR_T00132,1,0.9767,100.0,97.21,0.0,False
VAR_T00133,1,0.9754,100.0,96.76,0.0,False
VAR_T00134,1,0.9772,100.0,98.59,0.0,False
VAR_T00135,1,0.0245,0.0,98.26,0.0,False
VAR_T00136,1,0.0246,0.0,97.53,0.0,False
VAR_T00137,1,0.0248,0.0,98.62,0.0,False
VAR_T00138,1,0.0248,0.0,97.15,0.0,False
VAR_T00139,1,0.0232,0.0,92.9,0.0,False
VAR_T00140,1,0.0251,0.0,98.79,0.0,False
VAR_T00141,1,0.9745,100.0,98.08,0.0,False
VAR_T00142,1,0.0223,0.0,94.33,0.0,False
VAR_T00143,1,0.9771,100.0,98.31,0.0,False
VAR_T00144,1,0.0244,0.0,96.09,0.0,False
VAR_T00145,1,0.9767,100.0,97.93,0.0,False
VAR_T00146,1,0.977,100.0,97.24,0.0,False
VAR_T00147,1,0.0343,0.74,98.37,0.0,False
VAR_T00148,1,0.9771,100.0,98.34,0.0,False
VAR_T00149,1,0.9769,100.0,97.72,0.0,False
VAR_T00150,1,0.0263,0.0,97.74,0.0,False
VAR_T00151,1,0.9763,100.0,96.22,0.0,False
VAR_T00152,1,0.9771,100.0,98.23,0.0,False
VAR_T00153,1,0.0234,0.0,95.28,0.0,False
VAR_T00154,1,0.9767,100.0,98.05,0.0,False
VAR_T00155,1,0.9773,100.0,97.71,0.0,False
VAR_T00156,1,0.9773,100.0,97.18,0.0,False
VAR_T00157,1,0.0237,0.0,96.58,0.0,False
VAR_T00158,1,0.977,100.0,96.28,0.0,False
VAR_T00159,1,0.0218,0.0,93.5,0.0,False
VAR_T00160,1,0.9769,100.0,98.27,0.0,False
VAR_T00161,1,0.9764,100.0,97.81,0.0,False
VAR_T00162,1,0.977,100.0,98.05,0.0,False
VAR_T00163,1,0.0246,0.0,97.58,0.0,False
VAR_T00164,1,0.0222,0.0,91.93,0.0,False
VAR_T00165,1,0.0246,0.0,97.84,0.0,False
VAR_T00166,1,0.0247,0.0,98.33,0.0,False
VAR_T00167,1,0.0201,0.0,96.98,0.2,False
VAR_T00168,1,0.9769,100.0,97.43,0.0,False
VAR_T00169,1,0.025,0.0,97.43,0.0,False
VAR_T00170,1,0.021,0.0,95.35,0.0,False
VAR_T00171,1,0.9765,100.0,97.19,0.0,False
VAR_T00172,1,0.0247,0.0,98.8,0.0,False
VAR_T00173,1,0.0247,0.0,98.98,0.0,False
VAR_T00174,1,0.9769,100.0,98.34,0.0,False
VAR_T00175,1,0.0247,0.0,97.83,0.0,False
VAR_T00176,1,0.9773,100.0,96.62,0.0,False
VAR_T00177,1,0.0203,0.0,98.71,0.0,False
VAR_T00178,1,0.9769,100.0,97.55,0.0,False
VAR_T00179,1,0.0413,1.49,98.43,0.0,False
VAR_T00180,1,0.0231,0.0,93.65,0.0,False
VAR_T00181,1,0.9773,100.0,97.97,0.0,False
VAR_T00182,1,0.025,0.0,98.21,0.0,False
VAR_T00183,1,0.0244,0.0,98.39,0.0,False
VAR_T00184,1,0.9767,100.0,98.02,0.0,False
VAR_T00185,1,0.9768,100.0,97.48,0.0,False
VAR_T00186,1,0.024,0.0,95.72,0.0,False
VAR_T00187,1,0.0247,0.0,97.57,0.0,False
VAR_T00188,1,0.0327,0.58,97.71,0.0,False
VAR_T00189,1,0.0244,0.0,97.79,0.0,False
VAR_T00190,1,0.9769,100.0,97.55,0.0,False
VAR_T00191,1,0.9771,100.0,97.59,0.0,False
VAR_T00192,1,0.0248,0.0,97.89,0.0,False
VAR_T00193,1,0.9765,100.0,98.07,0.0,False
VAR_T00194,1,0.9763,100.0,97.4,0.0,False
VAR_T00195,1,0.9773,100.0,96.99,0.0,False
VAR_T00196,1,0.0224,0.0,92.57,0.0,False
VAR_T00197,1,0.9771,100.0,98.46,0.0,False
VAR_T00198,1,0.9769,100.0,98.13,0.0,False
VAR_T00199,1,0.0247,0.0,98.06,0.0,False
VAR_T00200,1,0.0243,0.0,97.3,0.0,False
VAR_T00201,1,0.9772,100.0,98.41,0.0,False
VAR_T00202,1,0.9767,100.0,96.04,0.0,False
VAR_T00203,1,0.974,100.0,95.77,0.0,False
VAR_T00204,1,0.9724,99.96,93.52,0.0,False
VAR_T00205,1,0.977,100.0,98.25,0.0,False
VAR_T00206,1,0.0241,0.0,96.4,0.0,False
VAR_T00207,1,0.0244,0.0,97.65,0.0,False
VAR_T00208,1,0.0258,0.0,95.02,0.0,False
VAR_T00209,1,0.9772,100.0,97.92,0.0,False
VAR_T00210,1,0.0245,0.0,98.26,0.0,False
VAR_T00211,1,0.9763,100.0,96.91,0.0,False
VAR_T00212,1,0.9748,100.0,98.16,0.0,False
VAR_T00213,1,0.9768,100.0,97.34,0.0,False
VAR_T00214,1,0.977,100.0,96.52,0.0,False
VAR_T00215,1,0.026,0.0,97.1,0.0,False
VAR_T00216,1,0.0255,0.0,96.96,0.0,False
VAR_T00217,1,0.9771,100.0,96.37,0.0,False
VAR_T00218,1,0.9721,99.93,95.4,0.0,False
VAR_T00219,1,0.0247,0.0,97.42,0.0,False
VAR_T00220,1,0.9769,100.0,96.77,0.0,False
VAR_T00221,1,0.9773,100.0,97.66,0.0,False
VAR_T00222,1,0.9773,100.0,97.02,0.0,False
VAR_T00223,1,0.0245,0.0,96.71,0.0,False
VAR_T00224,1,0.0252,0.0,98.13,0.0,False
VAR_T00225,1,0.0256,0.0,98.16,0.0,False
VAR_T00226,1,0.9771,100.0,98.29,0.0,False
VAR_T00227,1,0.9764,100.0,96.36,0.029,False
VAR_T00228,1,0.0253,0.0,96.26,0.0,False
VAR_T00229,1,0.9753,100.0,96.57,0.0,False
VAR_T00230,1,0.0248,0.0,98.31,0.0,False
VAR_T00231,1,0.9741,100.0,95.49,0.0,False
VAR_T00232,1,0.0245,0.0,97.34,0.0,False
VAR_T00233,1,0.0268,0.0,98.23,0.0,False
VAR_T00234,1,0.0247,0.0,98.04,0.0,False
VAR_T00235,1,0.9762,100.0,97.37,0.0,False
VAR_T00236,1,0.0249,0.0,98.37,0.0,False
VAR_T00237,1,0.976,100.0,97.79,0.0,False
VAR_T00238,1,0.0223,0.0,89.2,0.0,False
VAR_T00239,1,0.976,100.0,96.83,0.0,False
VAR_T00240,1,0.9759,100.0,97.45,0.0,False
VAR_T00241,1,0.0252,0.0,95.93,0.0,False
VAR_T00242,1,0.977,100.0,95.96,0.0,False
VAR_T00243,1,0.9762,100.0,97.34,0.0,False
VAR_T00244,1,0.0225,0.0,93.69,0.0,False
VAR_T00245,1,0.9765,100.0,98.35,0.0,False
VAR_T00246,1,0.9761,100.0,97.46,0.0,False
VAR_T00247,1,0.0245,0.0,97.39,0.0,False
VAR_T00248,1,0.9772,100.0,98.25,0.0,False
VAR_T00249,1,0.0244,0.0,97.15,0.0,False
VAR_T00250,1,0.0245,0.0,97.51,0.0,False
VAR_T00251,1,0.9759,100.0,97.62,0.0,False
VAR_T00252,1,0.0231,0.0,96.62,0.0,False
VAR_T00253,1,0.9767,100.0,97.86,0.0,False
VAR_T00254,1,0.0244,0.0,97.88,0.0,False
VAR_T00255,1,0.0223,0.0,94.13,0.0,False
VAR_T00256,1,0.975,100.0,96.29,0.0,False
VAR_T00257,1,0.9759,100.0,97.86,0.0,False
VAR_T00258,1,0.0201,0.0,99.76,0.2,False
VAR_T00259,1,0.0239,0.0,97.67,0.0,False
VAR_T00260,1,0.9772,100.0,95.95,0.0,False
VAR_T00261,1,0.0244,0.0,98.41,0.0,False
VAR_T00262,1,0.9767,100.0,98.43,0.0,False
VAR_T00263,1,0.0248,0.0,99.16,0.0,False
VAR_T00264,1,0.0199,0.0,98.86,0.2,False
VAR_T00265,1,0.0249,0.0,98.12,0.0,False
VAR_T00266,1,0.9771,100.0,98.77,0.0,False
VAR_T00267,1,0.9772,100.0,97.08,0.0,False
VAR_T00268,1,0.9764,100.0,96.84,0.0,False
VAR_T00269,1,0.025,0.0,97.97,0.0,False
VAR_T00270,1,0.0249,0.0,98.19,0.0,False
VAR_T00271,1,0.0249,0.0,97.98,0.0,False
VAR_T00272,1,0.9764,100.0,97.76,0.0,False
VAR_T00273,1,0.0227,0.0,92.25,0.0,False
VAR_T00274,1,0.0238,0.0,96.52,0.0,False
VAR_T00275,1,0.0212,0.0,93.7,0.0,False
VAR_T00276,1,0.977,100.0,97.59,0.0,False
VAR_T00277,1,0.9762,100.0,98.14,0.0,False
VAR_T00278,1,0.0243,0.0,97.21,0.029,False
VAR_T00279,1,0.9763,100.0,97.7,0.0,False
VAR_T00280,1,0.0248,0.0,97.95,0.0,False
VAR_T00281,1,0.0246,0.0,98.16,0.0,False
VAR_T00282,1,0.975,100.0,97.89,0.0,False
VAR_T00283,1,0.0204,0.0,95.64,0.0,False
VAR_T00284,1,0.0199,0.0,97.57,0.2,False
VAR_T00285,1,0.9769,100.0,97.58,0.0,False
VAR_T00286,1,0.9746,100.0,98.47,0.0,False
VAR_T00287,1,0.0252,0.0,97.33,0.0,False
VAR_T00288,1,0.9771,100.0,97.69,0.0,False
VAR_T00289,1,0.9762,100.0,97.44,0.0,False
VAR_T00290,1,0.0249,0.0,97.93,0.0,False
VAR_T00291,1,0.0206,0.0,95.54,0.0,False
VAR_T00292,1,0.0249,0.0,97.52,0.0,False
VAR_T00293,1,0.0248,0.0,98.2,0.0,False
VAR_T00294,1,0.9765,100.0,98.01,0.0,False
VAR_T00295,1,0.9765,100.0,96.67,0.0,False
VAR_T00296,1,0.9761,100.0,97.76,0.0,False
VAR_T00297,1,0.0244,0.0,97.34,0.0,False
VAR_T00298,1,0.0246,0.0,98.48,0.0,False
VAR_T00299,1,0.9763,100.0,98.15,0.0,False
VAR_T00300,1,0.9769,100.0,97.57,0.0,False
VAR_T00301,1,0.9751,100.0,97.5,0.0,False
VAR_T00302,1,0.0248,0.0,97.83,0.0,False
VAR_T00303,1,0.0204,0.0,95.75,0.0,False
VAR_T00304,1,0.9764,100.0,96.72,0.0,False
VAR_T00305,1,0.0247,0.0,98.19,0.0,False
VAR_T00306,1,0.025,0.0,98.39,0.0,False
VAR_T00307,1,0.0256,0.0,97.62,0.0,False
VAR_T00308,1,0.9762,100.0,97.12,0.0,False
VAR_T00309,1,0.9773,100.0,97.36,0.0,False
VAR_T00310,1,0.025,0.0,95.56,0.0,False
VAR_T00311,1,0.0251,0.0,97.1,0.0,False
VAR_T00312,1,0.0221,0.0,93.78,0.029,False
VAR_T00313,1,0.977,100.0,96.88,0.0,False
VAR_T00314,1,0.0246,0.0,98.71,0.0,False
VAR_T00315,1,0.977,100.0,97.89,0.0,False
VAR_T00316,1,0.0255,0.0,97.97,0.0,False
VAR_T00317,1,0.0267,0.0,96.47,0.0,False
VAR_T00318,1,0.0247,0.0,97.84,0.0,False
VAR_T00319,1,0.0244,0.0,96.88,0.0,False
VAR_T00320,1,0.9765,100.0,97.41,0.0,False
VAR_T00321,1,0.0217,0.0,84.97,0.0,False
VAR_T00322,1,0.9769,100.0,97.63,0.0,False
VAR_T00323,1,0.9761,100.0,97.91,0.0,False
VAR_T00324,1,0.9769,100.0,97.96,0.0,False
VAR_T00325,1,0.9757,100.0,95.97,0.0,False
VAR_T00326,1,0.0247,0.0,98.64,0.0,False
VAR_T00327,1,0.9771,100.0,97.67,0.0,False
VAR_T00328,1,0.0251,0.0,96.95,0.0,False
VAR_T00329,1,0.9769,100.0,96.39,0.0,False
VAR_T00330,1,0.9745,100.0,98.6,0.0,False
VAR_T00331,1,0.9768,100.0,97.73,0.0,False
VAR_T00332,1,0.026,0.0,97.53,0.0,False
VAR_T00333,1,0.9771,100.0,98.02,0.0,False
VAR_T00334,1,0.9769,100.0,97.85,0.0,False
VAR_T00335,1,0.0242,0.0,97.78,0.0,False
VAR_T00336,1,0.977,100.0,97.6,0.0,False
VAR_T00337,1,0.9773,100.0,97.14,0.0,False
VAR_T00338,1,0.0245,0.0,97.89,0.029,False
VAR_T00339,1,0.0247,0.0,97.44,0.0,False
VAR_T00340,1,0.0244,0.0,98.24,0.0,False
VAR_T00341,1,0.9766,100.0,97.61,0.0,False
VAR_T00342,1,0.0249,0.0,98.42,0.0,False
VAR_T00343,1,0.977,100.0,97.62,0.0,False
VAR_T00344,1,0.9773,100.0,97.08,0.0,False
VAR_T00345,1,0.0228,0.0,93.49,0.029,False
VAR_T00346,1,0.9765,100.0,96.7,0.0,False
VAR_T00347,1,0.0201,0.0,99.06,0.2,False
VAR_T00348,1,0.0215,0.0,89.16,0.0,False
VAR_T00349,1,0.9761,100.0,96.23,0.0,False
VAR_T00350,1,0.9771,100.0,96.03,0.0,False
VAR_T00351,1,0.9767,100.0,97.99,0.0,False
VAR_T00352,1,0.0209,0.0,93.71,0.0,False
VAR_T00353,1,0.0219,0.0,89.83,0.0,False
VAR_T00354,1,0.9767,100.0,98.16,0.0,False
VAR_T00355,1,0.9765,100.0,96.86,0.0,False
VAR_T00356,1,0.0202,0.0,94.67,0.171,False
VAR_T00357,1,0.0244,0.0,95.5,0.029,False
VAR_T00358,1,0.0211,0.0,91.55,0.0,False
VAR_T00359,1,0.0221,0.0,92.2,0.0,False
VAR_T00360,1,0.973,100.0,97.85,0.0,False
VAR_T00361,1,0.9766,100.0,97.74,0.0,False
VAR_T00362,1,0.9752,100.0,97.78,0.0,False
VAR_T00363,1,0.9767,100.0,96.57,0.0,False
VAR_T00364,1,0.9774,100.0,96.28,0.029,False
VAR_T00365,1,0.9744,100.0,97.7,0.029,False
VAR_T00366,1,0.0247,0.0,97.56,0.0,False
VAR_T00367,1,0.9768,100.0,97.28,0.0,False
VAR_T00368,1,0.0246,0.0,98.26,0.0,False
VAR_T00369,1,0.9767,100.0,98.14,0.0,False
VAR_T00370,1,0.0199,0.0,99.07,0.0,False
VAR_T00371,1,0.0245,0.0,98.64,0.0,False
VAR_T00372,1,0.9774,100.0,95.98,0.0,False
VAR_T00373,1,0.0225,0.0,91.77,0.0,False
VAR_T00374,1,0.0258,0.0,97.96,0.0,False
VAR_T00375,1,0.0243,0.0,98.39,0.0,False
VAR_T00376,1,0.964,99.07,94.78,0.0,False
VAR_T00377,1,0.0245,0.0,97.73,0.0,False
VAR_T00378,1,0.021,0.0,87.17,0.029,False
VAR_T00379,1,0.022,0.0,93.65,0.0,False
VAR_T00380,1,0.0249,0.0,97.01,0.0,False
VAR_T00381,1,0.977,100.0,97.51,0.0,False
VAR_T00382,1,0.9772,100.0,96.77,0.0,False
VAR_T00383,1,0.0246,0.0,98.47,0.0,False
VAR_T00384,1,0.0243,0.0,98.25,0.0,False
VAR_T00385,1,0.9772,100.0,96.39,0.0,False
VAR_T00386,1,0.9763,100.0,96.95,0.0,False
VAR_T00387,1,0.0222,0.0,93.05,0.0,False
VAR_T00388,1,0.9751,100.0,96.79,0.0,False
VAR_T00389,1,0.0208,0.0,91.27,0.171,False
VAR_T00390,1,0.0232,0.0,91.54,0.0,False
VAR_T00391,1,0.0235,0.0,97.3,0.0,False
VAR_T00392,1,0.9766,100.0,97.71,0.0,False
VAR_T00393,1,0.9766,100.0,96.77,0.0,False
VAR_T00394,1,0.9771,100.0,96.9,0.0,False
VAR_T00395,1,0.9764,100.0,98.05,0.0,False
VAR_T00396,1,0.0236,0.0,93.79,0.0,False
VAR_T00397,1,0.0217,0.0,94.19,0.0,False
VAR_T00398,1,0.9761,100.0,97.42,0.0,False
VAR_T00399,1,0.9741,100.0,97.82,0.0,False
VAR_T00400,1,0.9768,100.0,96.37,0.0,False
VAR_T00401,1,0.9753,100.0,97.57,0.0,False
VAR_T00402,1,0.9758,100.0,98.57,0.0,False
VAR_T00403,1,0.9386,96.39,91.01,0.0,False
VAR_T00404,1,0.977,100.0,97.37,0.0,False
VAR_T00405,1,0.0259,0.0,98.98,0.0,False
VAR_T00406,1,0.0245,0.0,97.68,0.0,False
VAR_T00407,1,0.977,100.0,94.69,0.0,False
VAR_T00408,1,0.0251,0.0,97.6,0.0,False
VAR_T00409,1,0.022,0.0,93.52,0.0,False
VAR_T00410,1,0.9767,100.0,97.12,0.0,False
VAR_T00411,1,0.9763,100.0,98.39,0.0,False
VAR_T00412,1,0.0209,0.0,92.94,0.0,False
VAR_T00413,1,0.9769,100.0,97.71,0.0,False
VAR_T00414,1,0.9765,100.0,97.74,0.0,False
VAR_T00415,1,0.0247,0.0,98.55,0.0,False
VAR_T00416,1,0.9761,100.0,95.54,0.0,False
VAR_T00417,1,0.9771,100.0,95.86,0.0,False
VAR_T00418,1,0.9755,100.0,96.79,0.0,False
VAR_T00419,1,0.0213,0.0,90.47,0.0,False
VAR_T00420,1,0.9764,100.0,97.35,0.0,False
VAR_T00421,1,0.9771,100.0,96.97,0.0,False
VAR_T00422,1,0.0245,0.0,98.29,0.0,False
VAR_T00423,1,0.9773,100.0,97.54,0.0,False
VAR_T00424,1,0.0202,0.0,93.58,0.2,False
VAR_T00425,1,0.0249,0.0,98.16,0.0,False
VAR_T00426,1,0.0209,0.0,92.87,0.0,False
VAR_T00427,1,0.0205,0.0,99.0,0.0,False
VAR_T00428,1,0.0247,0.0,98.32,0.0,False
VAR_T00429,1,0.0247,0.0,96.9,0.0,False
VAR_T00430,1,0.9762,100.0,97.44,0.0,False
VAR_T00431,1,0.025,0.0,96.93,0.0,False
VAR_T00432,1,0.0245,0.0,98.25,0.0,False
VAR_T00433,1,0.9742,100.0,95.57,0.0,False
VAR_T00434,1,0.0248,0.0,97.96,0.0,False
VAR_T00435,1,0.021,0.0,93.91,0.0,False
VAR_T00436,1,0.0253,0.0,98.45,0.0,False
VAR_T00437,1,0.9758,100.0,93.6,0.0,False
VAR_T00438,1,0.9771,100.0,97.02,0.0,False
VAR_T00439,1,0.0231,0.0,94.73,0.0,False
VAR_T00440,1,0.9768,100.0,96.5,0.0,False
VAR_T00441,1,0.977,100.0,98.04,0.0,False
VAR_T00442,1,0.0247,0.0,98.36,0.0,False
VAR_T00443,1,0.977,100.0,97.68,0.0,False
VAR_T00444,1,0.0213,0.0,84.88,0.0,False
VAR_T00445,1,0.9771,100.0,97.7,0.0,False
VAR_T00446,1,0.9773,100.0,97.11,0.0,False
VAR_T00447,1,0.0246,0.0,97.82,0.0,False
VAR_T00448,1,0.9769,100.0,97.87,0.0,False
VAR_T00449,1,0.0241,0.0,97.07,0.029,False
VAR_T00450,1,0.9761,100.0,96.11,0.0,False
VAR_T00451,1,0.0246,0.0,98.24,0.0,False
VAR_T00452,1,0.9722,99.94,97.79,0.0,False
VAR_T00453,1,0.0213,0.0,95.14,0.0,False
VAR_T00454,1,0.0248,0.0,98.02,0.0,False
VAR_T00455,1,0.0244,0.0,97.17,0.0,False
VAR_T00456,1,0.9769,100.0,97.73,0.0,False
VAR_T00457,1,0.025,0.0,97.81,0.0,False
VAR_T00458,1,0.0244,0.0,98.72,0.0,False
VAR_T00459,1,0.9765,100.0,98.6,0.0,False
VAR_T00460,1,0.9771,100.0,97.38,0.0,False
VAR_T00461,1,0.977,100.0,96.95,0.0,False
VAR_T00462,1,0.9772,100.0,95.79,0.0,False
VAR_T00463,1,0.0227,0.0,95.66,0.0,False
VAR_T00464,1,0.9767,100.0,96.13,0.0,False
VAR_T00465,1,0.9743,100.0,94.71,0.0,False
VAR_T00466,1,0.9734,100.0,98.39,0.0,False
VAR_T00467,1,0.9771,100.0,96.43,0.0,False
VAR_T00468,1,0.9766,100.0,97.68,0.0,False
VAR_T00469,1,0.9775,100.0,97.59,0.0,False
VAR_T00470,1,0.9774,100.0,97.01,0.0,False
VAR_T00471,1,0.9703,99.74,97.76,0.0,False
VAR_T00472,1,0.9766,100.0,98.18,0.0,False
VAR_T00473,1,0.0245,0.0,97.7,0.029,False
VAR_T00474,1,0.0245,0.0,98.11,0.0,False
VAR_T00475,1,0.975,100.0,98.07,0.0,False
VAR_T00476,1,0.9756,100.0,97.17,0.0,False
VAR_T00477,1,0.9769,100.0,96.03,0.0,False
VAR_T00478,1,0.9743,100.0,93.81,0.0,False
VAR_T00479,1,0.0205,0.0,95.35,0.0,False
VAR_T00480,1,0.0244,0.0,98.4,0.0,False
VAR_T00481,1,0.025,0.0,98.49,0.0,False
VAR_T00482,1,0.9771,100.0,96.61,0.0,False
VAR_T00483,1,0.9772,100.0,97.26,0.0,False
VAR_T00484,1,0.0245,0.0,97.09,0.0,False
VAR_T00485,1,0.0247,0.0,97.18,0.0,False
VAR_T00486,1,0.9734,100.0,94.62,0.0,False
VAR_T00487,1,0.9686,99.56,97.78,0.0,False
VAR_T00488,1,0.9758,100.0,97.79,0.0,False
VAR_T00489,1,0.9772,100.0,97.38,0.0,False
VAR_T00490,1,0.0245,0.0,97.24,0.0,False
VAR_T00491,1,0.9771,100.0,96.86,0.0,False
VAR_T00492,1,0.0216,0.0,91.64,0.0,False
VAR_T00493,1,0.9766,100.0,97.25,0.0,False
VAR_T00494,1,0.9745,100.0,97.9,0.0,False
VAR_T00495,1,0.977,100.0,97.72,0.0,False
VAR_T00496,1,0.0252,0.0,97.61,0.0,False
VAR_T00497,1,0.9766,100.0,98.14,0.0,False
VAR_T00498,1,0.022,0.0,94.1,0.0,False
VAR_T00499,1,0.9765,100.0,95.42,0.0,False
VAR_T00500,1,0.0248,0.0,98.32,0.0,False
VAR_T00501,1,0.977,100.0,97.7,0.0,False
VAR_T00502,1,0.9764,100.0,96.14,0.0,False
VAR_T00503,1,0.023,0.0,95.41,0.0,False
VAR_T00504,1,0.0251,0.0,97.4,0.0,False
VAR_T00505,1,0.0249,0.0,97.78,0.0,False
VAR_T00506,1,0.0257,0.0,97.36,0.0,False
VAR_T00507,1,0.9769,100.0,97.84,0.0,False
VAR_T00508,1,0.0248,0.0,97.86,0.0,False
VAR_T00509,1,0.0246,0.0,97.75,0.0,False
VAR_T00510,1,0.9756,100.0,95.2,0.0,False
VAR_T00511,1,0.9769,100.0,95.87,0.0,False
VAR_T00512,1,0.9765,100.0,95.93,0.0,False
VAR_T00513,1,0.0247,0.0,97.92,0.0,False
VAR_T00514,1,0.025,0.0,97.9,0.0,False
VAR_T00515,1,0.0267,0.0,97.25,0.0,False
VAR_T00516,1,0.9769,100.0,97.56,0.0,False
VAR_T00517,1,0.9765,100.0,96.72,0.0,False
VAR_T00518,1,0.0229,0.0,90.39,0.0,False
VAR_T00519,1,0.0244,0.0,98.9,0.0,False
VAR_T00520,1,0.0238,0.0,97.51,0.0,False
VAR_T00521,1,0.9772,100.0,98.08,0.0,False
VAR_T00522,1,0.0247,0.0,98.71,0.0,False
VAR_T00523,1,0.9768,100.0,97.69,0.0,False
VAR_T00524,1,0.9762,100.0,95.94,0.0,False
VAR_T00525,1,0.9767,100.0,97.21,0.0,False
VAR_T00526,1,0.9765,100.0,96.95,0.0,False
VAR_T00527,1,0.977,100.0,97.06,0.0,False
VAR_T00528,1,0.9771,100.0,96.99,0.0,False
VAR_T00529,1,0.0259,0.0,98.31,0.0,False
VAR_T00530,1,0.0247,0.0,98.19,0.0,False
VAR_T00531,1,0.0243,0.0,97.47,0.0,False
VAR_T00532,1,0.9631,98.98,95.62,0.0,False
VAR_T00533,1,0.9771,100.0,97.02,0.0,False
VAR_T00534,1,0.9769,100.0,98.05,0.0,False
VAR_T00535,1,0.0247,0.0,97.71,0.0,False
VAR_T00536,1,0.0204,0.0,95.07,0.0,False
VAR_T00537,1,0.9772,100.0,96.96,0.0,False
VAR_T00538,1,0.977,100.0,97.7,0.0,False
VAR_T00539,1,0.0245,0.0,98.64,0.0,False
VAR_T00540,1,0.9763,100.0,97.6,0.0,False
VAR_T00541,1,0.0236,0.0,95.38,0.0,False
VAR_T00542,1,0.0259,0.0,95.52,0.0,False
VAR_T00543,1,0.0247,0.0,97.62,0.0,False
VAR_T00544,1,0.0218,0.0,93.06,0.0,False
VAR_T00545,1,0.9749,100.0,97.65,0.0,False
VAR_T00546,1,0.9772,100.0,97.24,0.0,False
VAR_T00547,1,0.0248,0.0,97.44,0.0,False
VAR_T00548,1,0.025,0.0,98.17,0.0,False
VAR_T00549,1,0.0241,0.0,97.72,0.0,False
VAR_T00550,1,0.9768,100.0,95.04,0.0,False
VAR_T00551,1,0.9764,100.0,98.75,0.0,False
VAR_T00552,1,0.9772,100.0,97.76,0.0,False
VAR_T00553,1,0.0249,0.0,98.22,0.0,False
VAR_T00554,1,0.977,100.0,97.74,0.0,False
VAR_T00555,1,0.0243,0.0,97.58,0.0,False
VAR_T00556,1,0.0253,0.0,98.26,0.0,False
VAR_T00557,1,0.0247,0.0,97.95,0.0,False
VAR_T00558,1,0.9763,100.0,96.83,0.0,False
VAR_T00559,1,0.0207,0.0,92.93,0.171,False
VAR_T00560,1,0.9763,100.0,95.39,0.0,False
VAR_T00561,1,0.0248,0.0,98.46,0.0,False
VAR_T00562,1,0.9769,100.0,97.29,0.0,False
VAR_T00563,1,0.9761,100.0,97.51,0.0,False
VAR_T00564,1,0.9771,100.0,96.85,0.0,False
VAR_T00565,1,0.0203,0.0,88.52,0.2,False
VAR_T00566,1,0.0241,0.0,96.61,0.0,False
VAR_T00567,1,0.9769,100.0,97.79,0.0,False
VAR_T00568,1,0.0246,0.0,96.99,0.0,False
VAR_T00569,1,0.9759,100.0,98.25,0.0,False
VAR_T00570,1,0.0245,0.0,97.77,0.0,False
VAR_T00571,1,0.0211,0.0,94.64,0.0,False
VAR_T00572,1,0.0245,0.0,98.1,0.0,False
VAR_T00573,1,0.0247,0.0,97.85,0.0,False
VAR_T00574,1,0.9772,100.0,96.77,0.0,False
VAR_T00575,1,0.0242,0.0,96.3,0.0,False
VAR_T00576,1,0.9771,100.0,96.85,0.0,False
VAR_T00577,1,0.0249,0.0,96.7,0.0,False
VAR_T00578,1,0.0251,0.0,97.72,0.0,False
VAR_T00579,1,0.0201,0.0,96.23,0.229,False
VAR_T00580,1,0.0243,0.0,98.01,0.029,False
VAR_T00581,1,0.0243,0.0,97.5,0.0,False
VAR_T00582,1,0.0246,0.0,98.15,0.0,False
VAR_T00583,1,0.9763,100.0,98.15,0.0,False
VAR_T00584,1,0.9773,100.0,97.33,0.0,False
VAR_T00585,1,0.977,100.0,98.59,0.0,False
VAR_T00586,1,0.0235,0.0,96.1,0.0,False
VAR_T00587,1,0.0246,0.0,97.91,0.0,False
VAR_T00588,1,0.9774,100.0,96.68,0.0,False
VAR_T00589,1,0.9764,100.0,97.56,0.0,False
VAR_T00590,1,0.0225,0.0,92.0,0.029,False
VAR_T00591,1,0.9759,100.0,98.15,0.0,False
VAR_T00592,1,0.02,0.0,99.12,0.2,False
VAR_T00593,1,0.0245,0.0,98.21,0.0,False
VAR_T00594,1,0.0244,0.0,97.25,0.0,False
VAR_T00595,1,0.9765,100.0,97.86,0.0,False
VAR_T00596,1,0.0248,0.0,97.75,0.0,False
VAR_T00597,1,0.0216,0.0,94.0,0.0,False
VAR_T00598,1,0.9765,100.0,96.56,0.0,False
VAR_T00599,1,0.977,100.0,97.14,0.0,False
VAR_T00600,1,0.9771,100.0,96.67,0.0,False
VAR_T00601,1,0.9762,100.0,97.54,0.0,False
VAR_T00602,1,0.9769,100.0,97.01,0.0,False
VAR_T00603,1,0.0244,0.0,98.04,0.0,False
VAR_T00604,1,0.0245,0.0,98.51,0.0,False
VAR_T00605,1,0.0246,0.0,97.69,0.0,False
VAR_T00606,1,0.0272,0.0,98.01,0.0,False
VAR_T00607,1,0.0201,0.0,97.42,0.0,False
VAR_T00608,1,0.9775,100.0,97.09,0.0,False
VAR_T00609,1,0.0243,0.0,97.36,0.0,False
VAR_T00610,1,0.0228,0.0,92.92,0.0,False
VAR_T00611,1,0.9766,100.0,97.77,0.0,False
VAR_T00612,1,0.9746,100.0,97.2,0.0,False
VAR_T00613,1,0.0254,0.0,97.87,0.0,False
VAR_T00614,1,0.0248,0.0,98.05,0.0,False
VAR_T00615,1,0.0228,0.0,93.0,0.0,False
VAR_T00616,1,0.0243,0.0,97.36,0.0,False
VAR_T00617,1,0.0247,0.0,98.45,0.0,False
VAR_T00618,1,0.9762,100.0,98.09,0.0,False
VAR_T00619,1,0.9769,100.0,97.87,0.0,False
VAR_T00620,1,0.0248,0.0,97.88,0.0,False
VAR_T00621,1,0.0251,0.0,96.91,0.0,False
VAR_T00622,1,0.9757,100.0,97.09,0.0,False
VAR_T00623,1,0.9769,100.0,97.42,0.0,False
VAR_T00624,1,0.0248,0.0,98.37,0.0,False
VAR_T00625,1,0.0257,0.0,88.86,0.0,False
VAR_T00626,1,0.0206,0.0,95.4,0.0,False
VAR_T00627,1,0.0253,0.0,97.79,0.0,False
VAR_T00628,1,0.9768,100.0,96.76,0.0,False
VAR_T00629,1,0.0217,0.0,93.13,0.0,False
VAR_T00630,1,0.9766,100.0,97.77,0.0,False
VAR_T00631,1,0.0259,0.0,96.85,0.029,False
VAR_T00632,1,0.9771,100.0,98.21,0.029,False
VAR_T00633,1,0.0207,0.0,96.78,0.0,False
VAR_T00634,1,0.9764,100.0,98.72,0.0,False
VAR_T00635,1,0.9767,100.0,96.44,0.0,False
VAR_T00636,1,0.0242,0.0,97.78,0.0,False
VAR_T00637,1,0.0251,0.0,96.34,0.0,False
VAR_T00638,1,0.9752,100.0,96.29,0.0,False
VAR_T00639,1,0.0254,0.0,98.26,0.0,False
VAR_T00640,1,0.0247,0.0,97.76,0.0,False
VAR_T00641,1,0.9767,100.0,98.95,0.0,False
VAR_T00642,1,0.977,100.0,97.59,0.0,False
VAR_T00643,1,0.0246,0.0,97.64,0.0,False
VAR_T00644,1,0.0246,0.0,98.78,0.0,False
VAR_T00645,1,0.0243,0.0,98.21,0.0,False
VAR_T00646,1,0.9771,100.0,97.22,0.0,False
VAR_T00647,1,0.9772,100.0,98.32,0.0,False
VAR_T00648,1,0.0246,0.0,98.05,0.0,False
VAR_T00649,1,0.0215,0.0,93.01,0.0,False
VAR_T00650,1,0.0249,0.0,97.25,0.0,False
VAR_T00651,1,0.0242,0.0,98.51,0.0,False
VAR_T00652,1,0.0245,0.0,96.65,0.0,False
VAR_T00653,1,0.0253,0.0,98.6,0.0,False
VAR_T00654,1,0.0213,0.0,94.87,0.0,False
VAR_T00655,1,0.9767,100.0,96.51,0.0,False
VAR_T00656,1,0.0232,0.0,95.46,0.0,False
VAR_T00657,1,0.0216,0.0,80.47,0.0,False
VAR_T00658,1,0.9764,100.0,97.14,0.0,False
VAR_T00659,1,0.9758,100.0,94.59,0.0,False
VAR_T00660,1,0.9773,100.0,97.62,0.0,False
VAR_T00661,1,0.9765,100.0,97.21,0.0,False
VAR_T00662,1,0.0244,0.0,98.84,0.0,False
VAR_T00663,1,0.9769,100.0,97.39,0.0,False
VAR_T00664,1,0.0246,0.0,97.44,0.0,False
VAR_T00665,1,0.0239,0.0,97.75,0.0,False
VAR_T00666,1,0.9767,100.0,98.05,0.0,False
VAR_T00667,1,0.0246,0.0,97.52,0.0,False
VAR_T00668,1,0.9774,100.0,97.48,0.0,False
VAR_T00669,1,0.9766,100.0,98.1,0.0,False
VAR_T00670,1,0.9762,100.0,96.88,0.0,False
VAR_T00671,1,0.0228,0.0,96.74,0.0,False
VAR_T00672,1,0.9773,100.0,97.0,0.0,False
VAR_T00673,1,0.9773,100.0,97.26,0.0,False
VAR_T00674,1,0.977,100.0,96.68,0.0,False
VAR_T00675,1,0.977,100.0,96.06,0.0,False
VAR_T00676,1,0.0235,0.0,96.52,0.0,False
VAR_T00677,1,0.9772,100.0,98.23,0.0,False
VAR_T00678,1,0.9769,100.0,97.93,0.0,False
VAR_T00679,1,0.0254,0.0,97.87,0.0,False
VAR_T00680,1,0.0244,0.0,97.35,0.0,False
VAR_T00681,1,0.025,0.0,95.87,0.029,False
VAR_T00682,1,0.9771,100.0,97.16,0.0,False
VAR_T00683,1,0.0251,0.0,97.5,0.0,False
VAR_T00684,1,0.0207,0.0,91.54,0.0,False
VAR_T00685,1,0.025,0.0,97.84,0.0,False
VAR_T00686,1,0.0246,0.0,98.08,0.0,False
VAR_T00687,1,0.0249,0.0,98.23,0.0,False
VAR_T00688,1,0.0221,0.0,91.71,0.0,False
VAR_T00689,1,0.0206,0.0,96.27,0.0,False
VAR_T00690,1,0.9772,100.0,96.26,0.0,False
VAR_T00691,1,0.9774,100.0,98.18,0.0,False
VAR_T00692,1,0.9768,100.0,97.15,0.0,False
VAR_T00693,1,0.0247,0.0,96.93,0.0,False
VAR_T00694,1,0.0247,0.0,97.52,0.0,False
VAR_T00695,1,0.0246,0.0,98.32,0.0,False
VAR_T00696,1,0.9752,100.0,98.41,0.0,False
VAR_T00697,1,0.0251,0.0,98.13,0.0,False
VAR_T00698,1,0.9756,100.0,97.19,0.0,False
VAR_T00699,1,0.9773,100.0,97.87,0.0,False
VAR_T00700,1,0.0246,0.0,97.31,0.029,False
VAR_T00701,1,0.0202,0.0,97.31,0.0,False
VAR_T00702,1,0.9766,100.0,97.86,0.0,False
VAR_T00703,1,0.0245,0.0,98.97,0.0,False
VAR_T00704,1,0.9771,100.0,98.62,0.0,False
VAR_T00705,1,0.0248,0.0,98.23,0.0,False
VAR_T00706,1,0.9759,100.0,97.74,0.0,False
VAR_T00707,1,0.9771,100.0,96.8,0.0,False
VAR_T00708,1,0.9771,100.0,97.18,0.0,False
VAR_T00709,1,0.977,100.0,98.28,0.0,False
VAR_T00710,1,0.9767,100.0,97.58,0.0,False
VAR_T00711,1,0.0213,0.0,90.9,0.0,False
VAR_T00712,1,0.976,100.0,98.22,0.0,False
VAR_T00713,1,0.9768,100.0,98.01,0.0,False
VAR_T00714,1,0.9771,100.0,97.41,0.0,False
VAR_T00715,1,0.9757,100.0,97.46,0.0,False
VAR_T00716,1,0.0199,0.0,95.42,0.2,False
VAR_T00717,1,0.9769,100.0,96.44,0.0,False
VAR_T00718,1,0.977,100.0,96.49,0.0,False
VAR_T00719,1,0.0215,0.0,94.98,0.0,False
VAR_T00720,1,0.977,100.0,96.55,0.0,False
VAR_T00721,1,0.0245,0.0,97.74,0.0,False
VAR_T00722,1,0.9771,100.0,97.19,0.0,False
VAR_T00723,1,0.0247,0.0,97.03,0.029,False
VAR_T00724,1,0.0244,0.0,97.77,0.0,False
VAR_T00725,1,0.976,100.0,97.32,0.0,False
VAR_T00726,1,0.9769,100.0,97.06,0.0,False
VAR_T00727,1,0.9757,100.0,96.73,0.0,False
VAR_T00728,1,0.9753,100.0,96.88,0.0,False
VAR_T00729,1,0.976,100.0,97.58,0.0,False
VAR_T00730,1,0.9771,100.0,98.26,0.0,False
VAR_T00731,1,0.9765,100.0,96.78,0.0,False
VAR_T00732,1,0.9769,100.0,97.9,0.0,False
VAR_T00733,1,0.9749,100.0,96.42,0.0,False
VAR_T00734,1,0.0248,0.0,98.39,0.0,False
VAR_T00735,1,0.977,100.0,97.45,0.0,False
VAR_T00736,1,0.0244,0.0,96.51,0.0,False
VAR_T00737,1,0.0213,0.0,96.17,0.0,False
VAR_T00738,1,0.977,100.0,98.04,0.0,False
VAR_T00739,1,0.9764,100.0,97.73,0.0,False
VAR_T00740,1,0.9769,100.0,97.77,0.0,False
VAR_T00741,1,0.0248,0.0,98.88,0.0,False
VAR_T00742,1,0.9749,100.0,97.85,0.0,False
VAR_T00743,1,0.9761,100.0,98.12,0.0,False
VAR_T00744,1,0.9771,100.0,98.01,0.0,False
VAR_T00745,1,0.9737,100.0,97.38,0.0,False
VAR_T00746,1,0.9761,100.0,97.66,0.0,False
VAR_T00747,1,0.9773,100.0,96.55,0.0,False
VAR_T00748,1,0.0218,0.0,96.96,0.0,False
VAR_T00749,1,0.0246,0.0,97.62,0.0,False
VAR_T00750,1,0.0246,0.0,97.71,0.0,False
VAR_T00751,1,0.0272,0.0,92.3,0.0,False
VAR_T00752,1,0.0202,0.0,95.79,0.0,False
VAR_T00753,1,0.977,100.0,98.76,0.0,False
VAR_T00754,1,0.0215,0.0,91.73,0.0,False
VAR_T00755,1,0.9763,100.0,97.16,0.0,False
VAR_T00756,1,0.0243,0.0,97.24,0.0,False
VAR_T00757,1,0.0244,0.0,97.56,0.0,False
VAR_T00758,1,0.9769,100.0,97.39,0.0,False
VAR_T00759,1,0.0245,0.0,98.83,0.0,False
VAR_T00760,1,0.0249,0.0,98.18,0.0,False
VAR_T00761,1,0.9762,100.0,96.15,0.0,False
VAR_T00762,1,0.9775,100.0,97.4,0.0,False
VAR_T00763,1,0.0256,0.0,98.38,0.0,False
VAR_T00764,1,0.0242,0.0,96.72,0.0,False
VAR_T00765,1,0.0221,0.0,92.79,0.0,False
VAR_T00766,1,0.0258,0.0,98.18,0.0,False
VAR_T00767,1,0.0246,0.0,98.19,0.0,False
VAR_T00768,1,0.9771,100.0,97.96,0.0,False
VAR_T00769,1,0.0217,0.0,91.29,0.2,False
VAR_T00770,1,0.9768,100.0,98.12,0.0,False
VAR_T00771,1,0.0245,0.0,98.19,0.0,False
VAR_T00772,1,0.0261,0.0,98.39,0.0,False
VAR_T00773,1,0.0245,0.0,96.46,0.0,False
VAR_T00774,1,0.9765,100.0,97.57,0.0,False
VAR_T00775,1,0.977,100.0,97.01,0.0,False
VAR_T00776,1,0.0246,0.0,97.3,0.0,False
VAR_T00777,1,0.0213,0.0,92.88,0.0,False
VAR_T00778,1,0.9765,100.0,97.33,0.0,False
VAR_T00779,1,0.9764,100.0,97.37,0.0,False
VAR_T00780,1,0.9772,100.0,97.18,0.0,False
VAR_T00781,1,0.9775,100.0,97.0,0.0,False
VAR_T00782,1,0.9767,100.0,98.07,0.0,False
VAR_T00783,1,0.977,100.0,97.36,0.0,False
VAR_T00784,1,0.9771,100.0,96.36,0.0,False
VAR_T00785,1,0.0244,0.0,97.69,0.0,False
VAR_T00786,1,0.9772,100.0,99.09,0.0,False
VAR_T00787,1,0.9769,100.0,96.53,0.0,False
VAR_T00788,1,0.0244,0.0,97.92,0.0,False
VAR_T00789,1,0.977,100.0,97.67,0.0,False
VAR_T00790,1,0.0266,0.0,97.61,0.0,False
VAR_T00791,1,0.0247,0.0,98.67,0.0,False
VAR_T00792,1,0.9775,100.0,98.09,0.0,False
VAR_T00793,1,0.0216,0.0,93.72,0.0,False
VAR_T00794,1,0.9772,100.0,97.92,0.0,False
VAR_T00795,1,0.9771,100.0,97.54,0.0,False
VAR_T00796,1,0.9769,100.0,96.83,0.0,False
VAR_T00797,1,0.0245,0.0,97.29,0.0,False
VAR_T00798,1,0.0247,0.0,97.99,0.0,False
VAR_T00799,1,0.9729,100.0,98.53,0.0,False
VAR_T00800,1,0.9768,100.0,98.19,0.0,False
VAR_T00801,1,0.0201,0.0,96.37,0.0,False
VAR_T00802,1,0.9765,100.0,98.19,0.0,False
VAR_T00803,1,0.9766,100.0,97.92,0.0,False
VAR_T00804,1,0.0232,0.0,92.3,0.0,False
VAR_T00805,1,0.9767,100.0,97.46,0.0,False
VAR_T00806,1,0.9773,100.0,97.35,0.0,False
VAR_T00807,1,0.0247,0.0,98.19,0.0,False
VAR_T00808,1,0.9768,100.0,97.35,0.0,False
VAR_T00809,1,0.9745,100.0,98.64,0.0,False
VAR_T00810,1,0.0246,0.0,98.27,0.0,False
VAR_T00811,1,0.9736,100.0,93.21,0.0,False
VAR_T00812,1,0.0205,0.0,92.45,0.0,False
VAR_T00813,1,0.9765,100.0,97.62,0.0,False
VAR_T00814,1,0.022,0.0,94.65,0.0,False
VAR_T00815,1,0.0245,0.0,98.33,0.0,False
VAR_T00816,1,0.0313,0.42,98.42,0.0,False
VAR_T00817,1,0.0247,0.0,98.6,0.0,False
VAR_T00818,1,0.0236,0.0,93.05,0.0,False
VAR_T00819,1,0.0218,0.0,92.23,0.0,False
VAR_T00820,1,0.0248,0.0,98.79,0.0,False
VAR_T00821,1,0.9769,100.0,97.67,0.0,False
VAR_T00822,1,0.0316,0.46,96.91,0.0,False
VAR_T00823,1,0.9773,100.0,96.74,0.0,False
VAR_T00824,1,0.9771,100.0,97.02,0.0,False
VAR_T00825,1,0.9754,100.0,96.51,0.0,False
VAR_T00826,1,0.0249,0.0,96.72,0.0,False
VAR_T00827,1,0.0251,0.0,97.38,0.0,False
VAR_T00828,1,0.9769,100.0,97.24,0.0,False
VAR_T00829,1,0.9759,100.0,97.09,0.0,False
VAR_T00830,1,0.024,0.0,95.72,0.0,False
VAR_T00831,1,0.9769,100.0,97.78,0.0,False
VAR_T00832,1,0.9762,100.0,97.98,0.0,False
VAR_T00833,1,0.9771,100.0,96.19,0.0,False
VAR_T00834,1,0.9767,100.0,98.2,0.0,False
VAR_T00835,1,0.9769,100.0,97.36,0.0,False
VAR_T00836,1,0.9763,100.0,96.83,0.0,False
VAR_T00837,1,0.0261,0.0,97.95,0.0,False
VAR_T00838,1,0.9768,100.0,97.67,0.0,False
VAR_T00839,1,0.025,0.0,97.46,0.0,False
VAR_T00840,1,0.9764,100.0,98.76,0.0,False
VAR_T00841,1,0.9741,100.0,95.05,0.0,False
VAR_T00842,1,0.0244,0.0,97.39,0.0,False
VAR_T00843,1,0.9743,100.0,98.52,0.0,False
VAR_T00844,1,0.9761,100.0,97.04,0.0,False
VAR_T00845,1,0.977,100.0,97.49,0.0,False
VAR_T00846,1,0.9773,100.0,98.3,0.0,False
VAR_T00847,1,0.0251,0.0,97.05,0.0,False
VAR_T00848,1,0.0246,0.0,98.48,0.0,False
VAR_T00849,1,0.9768,100.0,96.03,0.0,False
VAR_T00850,1,0.0242,0.0,97.1,0.0,False
VAR_T00851,1,0.9761,100.0,96.61,0.0,False
VAR_T00852,1,0.9767,100.0,97.51,0.0,False
VAR_T00853,1,0.9759,100.0,96.32,0.0,False
VAR_T00854,1,0.9765,100.0,95.34,0.0,False
VAR_T00855,1,0.0243,0.0,98.41,0.0,False
VAR_T00856,1,0.0254,0.0,97.52,0.0,False
VAR_T00857,1,0.942,96.75,97.88,0.0,False
VAR_T00858,1,0.9755,100.0,97.54,0.0,False
VAR_T00859,1,0.0244,0.0,97.13,0.0,False
VAR_T00860,1,0.977,100.0,97.83,0.0,False
VAR_T00861,1,0.9711,99.83,98.07,0.0,False
VAR_T00862,1,0.9767,100.0,97.16,0.0,False
VAR_T00863,1,0.0248,0.0,98.2,0.0,False
VAR_T00864,1,0.0246,0.0,98.09,0.0,False
VAR_T00865,1,0.9752,100.0,97.27,0.0,False
VAR_T00866,1,0.976,100.0,96.9,0.0,False
VAR_T00867,1,0.0238,0.0,95.19,0.0,False
VAR_T00868,1,0.9772,100.0,97.49,0.0,False
VAR_T00869,1,0.0247,0.0,97.67,0.0,False
VAR_T00870,1,0.9771,100.0,96.71,0.0,False
VAR_T00871,1,0.0218,0.0,93.08,0.0,False
VAR_T00872,1,0.0246,0.0,97.52,0.0,False
VAR_T00873,1,0.0248,0.0,97.5,0.0,False
VAR_T00874,1,0.9767,100.0,96.17,0.0,False
VAR_T00875,1,0.977,100.0,98.02,0.0,False
VAR_T00876,1,0.977,100.0,96.94,0.0,False
VAR_T00877,1,0.9753,100.0,95.24,0.0,False
VAR_T00878,1,0.977,100.0,95.71,0.0,False
VAR_T00879,1,0.0248,0.0,98.17,0.0,False
VAR_T00880,1,0.0212,0.0,93.88,0.0,False
VAR_T00881,1,0.0224,0.0,91.99,0.0,False
VAR_T00882,1,0.0244,0.0,98.61,0.0,False
VAR_T00883,1,0.0225,0.0,92.96,0.0,False
VAR_T00884,1,0.9757,100.0,97.49,0.0,False
VAR_T00885,1,0.0245,0.0,98.08,0.0,False
VAR_T00886,1,0.9768,100.0,97.01,0.0,False
VAR_T00887,1,0.0248,0.0,96.99,0.0,False
VAR_T00888,1,0.9767,100.0,96.88,0.0,False
VAR_T00889,1,0.9764,100.0,97.58,0.0,False
VAR_T00890,1,0.0253,0.0,98.33,0.0,False
VAR_T00891,1,0.0249,0.0,97.95,0.0,False
VAR_T00892,1,0.9661,99.29,97.42,0.0,False
VAR_T00893,1,0.9771,100.0,97.74,0.0,False
VAR_T00894,1,0.9768,100.0,97.47,0.0,False
VAR_T00895,1,0.0225,0.0,90.91,0.0,False
VAR_T00896,1,0.9767,100.0,96.56,0.0,False
VAR_T00897,1,0.0247,0.0,96.87,0.029,False
VAR_T00898,1,0.9764,100.0,97.85,0.0,False
VAR_T00899,1,0.977,100.0,97.73,0.0,False
VAR_T00900,1,0.9771,100.0,95.41,0.0,False
VAR_T00901,1,0.0238,0.0,97.56,0.0,False
VAR_T00902,1,0.0246,0.0,98.41,0.0,False
VAR_T00903,1,0.977,100.0,97.75,0.0,False
VAR_T00904,1,0.976,100.0,97.62,0.0,False
VAR_T00905,1,0.0237,0.0,96.56,0.0,False
VAR_T00906,1,0.0227,0.0,92.3,0.0,False
VAR_T00907,1,0.977,100.0,97.4,0.0,False
VAR_T00908,1,0.022,0.0,94.22,0.0,False
VAR_T00909,1,0.0254,0.0,97.22,0.0,False
VAR_T00910,1,0.0247,0.0,98.25,0.0,False
VAR_T00911,1,0.0246,0.0,97.95,0.0,False
VAR_T00912,1,0.0232,0.0,96.75,0.0,False
VAR_T00913,1,0.021,0.0,88.48,0.0,False
VAR_T00914,1,0.9766,100.0,98.17,0.0,False
VAR_T00915,1,0.9762,100.0,96.54,0.029,False
VAR_T00916,1,0.9763,100.0,95.65,0.0,False
VAR_T00917,1,0.0248,0.0,98.99,0.0,False
VAR_T00918,1,0.0244,0.0,98.28,0.0,False
VAR_T00919,1,0.0219,0.0,94.68,0.0,False
VAR_T00920,1,0.0246,0.0,95.34,0.0,False
VAR_T00921,1,0.0246,0.0,98.82,0.0,False
VAR_T00922,1,0.9765,100.0,98.16,0.0,False
VAR_T00923,1,0.9766,100.0,98.05,0.0,False
VAR_T00924,1,0.9768,100.0,97.19,0.0,False
VAR_T00925,1,0.0239,0.0,96.51,0.0,False
VAR_T00926,1,0.9767,100.0,98.65,0.0,False
VAR_T00927,1,0.9767,100.0,98.15,0.0,False
VAR_T00928,1,0.9756,100.0,95.46,0.0,False
VAR_T00929,1,0.0243,0.0,97.37,0.0,False
VAR_T00930,1,0.0215,0.0,93.47,0.0,False
VAR_T00931,1,0.0209,0.0,94.71,0.0,False
VAR_T00932,1,0.024,0.0,97.17,0.0,False
VAR_T00933,1,0.0245,0.0,97.86,0.0,False
VAR_T00934,1,0.9771,100.0,99.08,0.0,False
VAR_T00935,1,0.9761,100.0,97.63,0.0,False
VAR_T00936,1,0.9764,100.0,97.15,0.0,False
VAR_T00937,1,0.0255,0.0,98.15,0.0,False
VAR_T00938,1,0.9757,100.0,96.51,0.0,False
VAR_T00939,1,0.0248,0.0,97.06,0.0,False
VAR_T00940,1,0.0205,0.0,97.46,0.0,False
VAR_T00941,1,0.0206,0.0,95.29,0.0,False
VAR_T00942,1,0.9764,100.0,97.45,0.0,False
VAR_T00943,1,0.0254,0.0,98.25,0.0,False
VAR_T00944,1,0.0256,0.0,97.38,0.0,False
VAR_T00945,1,0.0245,0.0,98.51,0.0,False
VAR_T00946,1,0.0255,0.0,97.33,0.0,False
VAR_T00947,1,0.0243,0.0,95.16,0.0,False
VAR_T00948,1,0.9721,99.94,93.53,0.0,False
VAR_T00949,1,0.0244,0.0,98.47,0.0,False
VAR_T00950,1,0.0218,0.0,93.39,0.0,False
VAR_T00951,1,0.9764,100.0,96.58,0.0,False
VAR_T00952,1,0.0276,0.04,98.2,0.0,False
VAR_T00953,1,0.9747,100.0,95.69,0.0,False
VAR_T00954,1,0.0255,0.0,96.68,0.0,False
VAR_T00955,1,0.0247,0.0,97.64,0.0,False
VAR_T00956,1,0.0245,0.0,97.38,0.0,False
VAR_T00957,1,0.9768,100.0,97.18,0.0,False
VAR_T00958,1,0.9745,100.0,94.1,0.0,False
VAR_T00959,1,0.022,0.0,89.94,0.0,False
VAR_T00960,1,0.9772,100.0,98.18,0.0,False
VAR_T00961,1,0.9771,100.0,97.63,0.0,False
VAR_T00962,1,0.0235,0.0,95.24,0.0,False
VAR_T00963,1,0.9765,100.0,96.72,0.0,False
VAR_T00964,1,0.0241,0.0,98.92,0.0,False
VAR_T00965,1,0.0233,0.0,92.06,0.0,False
VAR_T00966,1,0.9709,99.8,94.38,0.0,False
VAR_T00967,1,0.9754,100.0,95.45,0.0,False
VAR_T00968,1,0.9761,100.0,96.93,0.0,False
VAR_T00969,1,0.9771,100.0,97.92,0.0,False
VAR_T00970,1,0.9773,100.0,96.65,0.0,False
VAR_T00971,1,0.0216,0.0,97.0,0.0,False
VAR_T00972,1,0.977,100.0,98.61,0.0,False
VAR_T00973,1,0.9769,100.0,97.12,0.0,False
VAR_T00974,1,0.0245,0.0,97.77,0.0,False
VAR_T00975,1,0.9773,100.0,97.49,0.0,False
VAR_T00976,1,0.9768,100.0,97.21,0.0,False
VAR_T00977,1,0.0266,0.0,97.0,0.0,False
VAR_T00978,1,0.0254,0.0,97.54,0.0,False
VAR_T00979,1,0.0244,0.0,98.56,0.0,False
VAR_T00980,1,0.9727,99.99,97.8,0.0,False
VAR_T00981,1,0.9759,100.0,97.09,0.0,False
VAR_T00982,1,0.0232,0.0,95.1,0.0,False
VAR_T00983,1,0.9769,100.0,97.17,0.029,False
VAR_T00984,1,0.9771,100.0,97.85,0.0,False
VAR_T00985,1,0.9755,100.0,97.51,0.0,False
VAR_T00986,1,0.9768,100.0,98.13,0.0,False
VAR_T00987,1,0.0252,0.0,95.01,0.029,False
VAR_T00988,1,0.0245,0.0,98.2,0.0,False
VAR_T00989,1,0.9761,100.0,98.08,0.0,False
VAR_T00990,1,0.9771,100.0,96.96,0.0,False
VAR_T00991,1,0.0236,0.0,95.09,0.0,False
VAR_T00992,1,0.9774,100.0,97.14,0.0,False
VAR_T00993,1,0.0217,0.0,83.34,0.0,False
VAR_T00994,1,0.0248,0.0,98.89,0.0,False
VAR_T00995,1,0.9768,100.0,98.28,0.0,False
VAR_T00996,1,0.0281,0.09,97.13,0.0,False
VAR_T00997,1,0.9769,100.0,97.85,0.0,False
VAR_T00998,1,0.021,0.0,92.75,0.0,False
VAR_T00999,1,0.9771,100.0,97.17,0.0,False
VAR_T01000,1,0.9765,100.0,97.18,0.0,False
VAR_T01001,1,0.9773,100.0,97.74,0.0,False
VAR_T01002,1,0.9769,100.0,95.76,0.0,False
VAR_T01003,1,0.9756,100.0,96.72,0.0,False
VAR_T01004,1,0.9767,100.0,98.11,0.0,False
VAR_T01005,1,0.977,100.0,98.0,0.0,False
VAR_T01006,1,0.0242,0.0,97.77,0.0,False
VAR_T01007,1,0.0199,0.0,98.58,0.2,False
VAR_T01008,1,0.0249,0.0,98.71,0.0,False
VAR_T01009,1,0.9763,100.0,96.75,0.0,False
VAR_T01010,1,0.9729,100.0,97.12,0.0,False
VAR_T01011,1,0.0249,0.0,97.75,0.0,False
VAR_T01012,1,0.0204,0.0,97.39,0.2,False
VAR_T01013,1,0.9758,100.0,98.5,0.0,False
VAR_T01014,1,0.977,100.0,97.44,0.0,False
VAR_T01015,1,0.977,100.0,96.39,0.0,False
VAR_T01016,1,0.9766,100.0,96.43,0.0,False
VAR_T01017,1,0.0243,0.0,98.83,0.0,False
VAR_T01018,1,0.9755,100.0,97.55,0.0,False
VAR_T01019,1,0.9771,100.0,98.04,0.0,False
VAR_T01020,1,0.977,100.0,97.01,0.0,False
VAR_T01021,1,0.9763,100.0,97.22,0.0,False
VAR_T01022,1,0.9776,100.0,97.67,0.029,False
VAR_T01023,1,0.9774,100.0,97.71,0.0,False
VAR_T01024,1,0.0201,0.0,97.36,0.2,False
VAR_T01025,1,0.0246,0.0,98.15,0.0,False
VAR_T01026,1,0.0251,0.0,97.66,0.0,False
VAR_T01027,1,0.9764,100.0,97.13,0.0,False
VAR_T01028,1,0.026,0.0,97.18,0.0,False
VAR_T01029,1,0.0247,0.0,97.25,0.0,False
VAR_T01030,1,0.0213,0.0,93.26,0.0,False
VAR_T01031,1,0.977,100.0,96.39,0.0,False
VAR_T01032,1,0.021,0.0,90.51,0.0,False
VAR_T01033,1,0.9769,100.0,97.6,0.0,False
VAR_T01034,1,0.9768,100.0,98.44,0.0,False
VAR_T01035,1,0.0249,0.0,98.07,0.0,False
VAR_T01036,1,0.9764,100.0,96.23,0.0,False
VAR_T01037,1,0.9774,100.0,96.81,0.0,False
VAR_T01038,1,0.0244,0.0,97.72,0.0,False
VAR_T01039,1,0.9766,100.0,96.61,0.0,False
VAR_T01040,1,0.026,0.0,97.16,0.0,False
VAR_T01041,1,0.0207,0.0,95.47,0.0,False
VAR_T01042,1,0.9771,100.0,96.21,0.0,False
VAR_T01043,1,0.0211,0.0,93.24,0.0,False
VAR_T01044,1,0.0245,0.0,98.25,0.0,False
VAR_T01045,1,0.0255,0.0,97.77,0.0,False
VAR_T01046,1,0.9756,100.0,97.17,0.0,False
VAR_T01047,1,0.9764,100.0,97.48,0.0,False
VAR_T01048,1,0.9761,100.0,97.12,0.0,False
VAR_T01049,1,0.9768,100.0,97.29,0.0,False
VAR_T01050,1,0.9756,100.0,95.69,0.0,False
VAR_T01051,1,0.0248,0.0,96.43,0.0,False
VAR_T01052,1,0.9762,100.0,97.78,0.0,False
VAR_T01053,1,0.0242,0.0,97.68,0.0,False
VAR_T01054,1,0.0244,0.0,98.62,0.0,False
VAR_T01055,1,0.0201,0.0,99.02,0.143,False
VAR_T01056,1,0.0203,0.0,96.17,0.171,False
VAR_T01057,1,0.0212,0.0,92.46,0.0,False
VAR_T01058,1,0.0272,0.0,97.01,0.0,False
VAR_T01059,1,0.9761,100.0,96.43,0.0,False
VAR_T01060,1,0.0251,0.0,97.56,0.0,False
VAR_T01061,1,0.0245,0.0,98.32,0.0,False
VAR_T01062,1,0.0264,0.0,98.16,0.0,False
VAR_T01063,1,0.024,0.0,98.53,0.0,False
VAR_T01064,1,0.0251,0.0,97.26,0.0,False
VAR_T01065,1,0.0246,0.0,98.39,0.0,False
VAR_T01066,1,0.0245,0.0,97.24,0.0,False
VAR_T01067,1,0.9768,100.0,97.16,0.0,False
VAR_T01068,1,0.9765,100.0,98.05,0.0,False
VAR_T01069,1,0.9766,100.0,97.3,0.0,False
VAR_T01070,1,0.9772,100.0,98.47,0.0,False
VAR_T01071,1,0.023,0.0,94.29,0.0,False
VAR_T01072,1,0.9743,100.0,98.35,0.0,False
VAR_T01073,1,0.0241,0.0,96.85,0.0,False
VAR_T01074,1,0.9771,100.0,97.31,0.0,False
VAR_T01075,1,0.977,100.0,96.74,0.0,False
VAR_T01076,1,0.9769,100.0,97.32,0.0,False
VAR_T01077,1,0.977,100.0,98.47,0.0,False
VAR_T01078,1,0.9764,100.0,97.4,0.0,False
VAR_T01079,1,0.9768,100.0,97.03,0.0,False
VAR_T01080,1,0.9766,100.0,97.69,0.0,False
VAR_T01081,1,0.0244,0.0,98.16,0.0,False
VAR_T01082,1,0.9772,100.0,97.31,0.0,False
VAR_T01083,1,0.9758,100.0,96.22,0.0,False
VAR_T01084,1,0.023,0.0,94.95,0.0,False
VAR_T01085,1,0.9754,100.0,97.23,0.0,False
VAR_T01086,1,0.977,100.0,97.06,0.0,False
VAR_T01087,1,0.0242,0.0,96.58,0.029,False
VAR_T01088,1,0.9758,100.0,96.28,0.0,False
VAR_T01089,1,0.9774,100.0,97.17,0.0,False
VAR_T01090,1,0.0236,0.0,96.05,0.0,False
VAR_T01091,1,0.0267,0.0,98.0,0.0,False
VAR_T01092,1,0.9762,100.0,96.73,0.0,False
VAR_T01093,1,0.0247,0.0,98.15,0.0,False
VAR_T01094,1,0.0211,0.0,94.62,0.0,False
VAR_T01095,1,0.0228,0.0,96.56,0.0,False
VAR_T01096,1,0.9765,100.0,96.97,0.0,False
VAR_T01097,1,0.9772,100.0,96.98,0.0,False
VAR_T01098,1,0.977,100.0,97.58,0.0,False
VAR_T01099,1,0.0246,0.0,97.64,0.0,False
VAR_T01100,1,0.9731,100.0,93.44,0.0,False
VAR_T01101,1,0.0249,0.0,98.52,0.0,False
VAR_T01102,1,0.9769,100.0,96.8,0.0,False
VAR_T01103,1,0.0202,0.0,96.51,0.2,False
VAR_T01104,1,0.0211,0.0,91.35,0.0,False
VAR_T01105,1,0.0249,0.0,97.64,0.0,False
VAR_T01106,1,0.9137,93.76,97.95,0.0,False
VAR_T01107,1,0.0214,0.0,95.28,0.0,False
VAR_T01108,1,0.9762,100.0,97.59,0.0,False
VAR_T01109,1,0.9756,100.0,96.11,0.0,False
VAR_T01110,1,0.9768,100.0,97.66,0.0,False
VAR_T01111,1,0.0245,0.0,97.75,0.0,False
VAR_T01112,1,0.9767,100.0,97.21,0.0,False
VAR_T01113,1,0.0247,0.0,98.48,0.0,False
VAR_T01114,1,0.027,0.0,98.1,0.0,False
VAR_T01115,1,0.9769,100.0,97.29,0.0,False
VAR_T01116,1,0.0208,0.0,93.87,0.029,False
VAR_T01117,1,0.9765,100.0,97.61,0.0,False
VAR_T01118,1,0.976,100.0,97.65,0.0,False
VAR_T01119,1,0.976,100.0,96.85,0.0,False
VAR_T01120,1,0.9771,100.0,96.66,0.0,False
VAR_T01121,1,0.9757,100.0,98.27,0.0,False
VAR_T01122,1,0.9763,100.0,97.19,0.0,False
VAR_T01123,1,0.9773,100.0,96.63,0.0,False
VAR_T01124,1,0.0255,0.0,98.5,0.0,False
VAR_T01125,1,0.0245,0.0,99.22,0.0,False
VAR_T01126,1,0.9767,100.0,97.71,0.0,False
VAR_T01127,1,0.9771,100.0,97.78,0.0,False
VAR_T01128,1,0.977,100.0,98.1,0.0,False
VAR_T01129,1,0.9766,100.0,97.66,0.0,False
VAR_T01130,1,0.9751,100.0,93.18,0.0,False
VAR_T01131,1,0.9762,100.0,97.87,0.0,False
VAR_T01132,1,0.0238,0.0,97.87,0.0,False
VAR_T01133,1,0.024,0.0,96.32,0.0,False
VAR_T01134,1,0.9769,100.0,97.14,0.0,False
VAR_T01135,1,0.0282,0.1,98.36,0.0,False
VAR_T01136,1,0.9767,100.0,97.49,0.0,False
VAR_T01137,1,0.9769,100.0,96.98,0.0,False
VAR_T01138,1,0.9766,100.0,97.2,0.0,False
VAR_T01139,1,0.9759,100.0,96.1,0.0,False
VAR_T01140,1,0.026,0.0,97.54,0.029,False
VAR_T01141,1,0.9765,100.0,97.41,0.0,False
VAR_T01142,1,0.0246,0.0,98.29,0.0,False
VAR_T01143,1,0.9765,100.0,97.72,0.0,False
VAR_T01144,1,0.0255,0.0,98.06,0.0,False
VAR_T01145,1,0.9769,100.0,98.3,0.029,False
VAR_T01146,1,0.0237,0.0,94.63,0.0,False
VAR_T01147,1,0.9772,100.0,97.69,0.0,False
VAR_T01148,1,0.977,100.0,98.3,0.0,False
VAR_T01149,1,0.9769,100.0,96.8,0.0,False
VAR_T01150,1,0.0248,0.0,97.7,0.0,False
VAR_T01151,1,0.0242,0.0,95.37,0.0,False
VAR_T01152,1,0.9772,100.0,98.14,0.0,False
VAR_T01153,1,0.0253,0.0,98.35,0.0,False
VAR_T01154,1,0.0208,0.0,95.7,0.0,False
VAR_T01155,1,0.0246,0.0,98.23,0.0,False
VAR_T01156,1,0.9735,100.0,95.6,0.0,False
VAR_T01157,1,0.9766,100.0,97.61,0.0,False
VAR_T01158,1,0.9774,100.0,97.25,0.0,False
VAR_T01159,1,0.9774,100.0,98.41,0.0,False
VAR_T01160,1,0.0246,0.0,95.62,0.0,False
VAR_T01161,1,0.9769,100.0,97.04,0.0,False
VAR_T01162,1,0.0244,0.0,97.45,0.0,False
VAR_T01163,1,0.9771,100.0,97.97,0.0,False
VAR_T01164,1,0.0246,0.0,97.93,0.0,False
VAR_T01165,1,0.9768,100.0,97.94,0.0,False
VAR_T01166,1,0.9771,100.0,96.6,0.0,False
VAR_T01167,1,0.0245,0.0,97.7,0.0,False
VAR_T01168,1,0.025,0.0,98.09,0.0,False
VAR_T01169,1,0.9768,100.0,97.62,0.0,False
VAR_T01170,1,0.976,100.0,97.74,0.0,False
VAR_T01171,1,0.0244,0.0,97.5,0.0,False
VAR_T01172,1,0.0213,0.0,89.77,0.0,False
VAR_T01173,1,0.9723,99.95,97.59,0.0,False
VAR_T01174,1,0.9767,100.0,96.71,0.0,False
VAR_T01175,1,0.0246,0.0,97.94,0.029,False
VAR_T01176,1,0.0211,0.0,93.75,0.0,False
VAR_T01177,1,0.9766,100.0,98.63,0.0,False
VAR_T01178,1,0.0246,0.0,97.94,0.0,False
VAR_T01179,1,0.0227,0.0,95.09,0.0,False
VAR_T01180,1,0.0247,0.0,98.41,0.0,False
VAR_T01181,1,0.0244,0.0,98.46,0.0,False
VAR_T01182,1,0.9737,100.0,96.66,0.0,False
VAR_T01183,1,0.0252,0.0,97.94,0.0,False
VAR_T01184,1,0.9763,100.0,96.64,0.0,False
VAR_T01185,1,0.0244,0.0,98.37,0.0,False
VAR_T01186,1,0.0248,0.0,97.93,0.0,False
VAR_T01187,1,0.9769,100.0,97.81,0.0,False
VAR_T01188,1,0.0218,0.0,94.46,0.0,False
VAR_T01189,1,0.0247,0.0,98.59,0.0,False
VAR_T01190,1,0.0245,0.0,97.98,0.0,False
VAR_T01191,1,0.0247,0.0,98.36,0.0,False
VAR_T01192,1,0.977,100.0,97.88,0.0,False
VAR_T01193,1,0.0205,0.0,94.12,0.0,False
VAR_T01194,1,0.0254,0.0,97.09,0.0,False
VAR_T01195,1,0.0242,0.0,97.29,0.0,False
VAR_T01196,1,0.9769,100.0,98.09,0.0,False
VAR_T01197,1,0.9771,100.0,98.21,0.0,False
VAR_T01198,1,0.0247,0.0,97.98,0.0,False
VAR_T01199,1,0.977,100.0,97.64,0.0,False
VAR_T01200,1,0.9771,100.0,96.37,0.0,False
VAR_T01201,1,0.9766,100.0,98.09,0.0,False
VAR_T01202,1,0.0248,0.0,98.59,0.0,False
VAR_T01203,1,0.9767,100.0,96.94,0.0,False
VAR_T01204,1,0.9753,100.0,96.75,0.0,False
VAR_T01205,1,0.0233,0.0,95.29,0.0,False
VAR_T01206,1,0.977,100.0,97.28,0.0,False
VAR_T01207,1,0.0248,0.0,99.08,0.0,False
VAR_T01208,1,0.0242,0.0,98.38,0.0,False
VAR_T01209,1,0.0214,0.0,93.83,0.0,False
VAR_T01210,1,0.0217,0.0,94.19,0.0,False
VAR_T01211,1,0.0244,0.0,98.33,0.0,False
VAR_T01212,1,0.0269,0.0,97.92,0.0,False
VAR_T01213,1,0.9767,100.0,97.36,0.0,False
VAR_T01214,1,0.9772,100.0,98.2,0.0,False
VAR_T01215,1,0.9745,100.0,97.6,0.0,False
VAR_T01216,1,0.9767,100.0,96.76,0.0,False
VAR_T01217,1,0.9772,100.0,96.27,0.0,False
VAR_T01218,1,0.9767,100.0,96.15,0.0,False
VAR_T01219,1,0.9769,100.0,97.54,0.0,False
VAR_T01220,1,0.9765,100.0,97.34,0.0,False
VAR_T01221,1,0.0246,0.0,98.17,0.0,False
VAR_T01222,1,0.0255,0.0,97.29,0.0,False
VAR_T01223,1,0.9765,100.0,97.96,0.0,False
VAR_T01224,1,0.0211,0.0,94.19,0.0,False
VAR_T01225,1,0.0234,0.0,95.44,0.0,False
VAR_T01226,1,0.0247,0.0,98.98,0.0,False
VAR_T01227,1,0.9753,100.0,85.46,0.0,False
VAR_T01228,1,0.9772,100.0,97.94,0.0,False
VAR_T01229,1,0.9766,100.0,97.58,0.0,False
VAR_T01230,1,0.0253,0.0,97.64,0.0,False
VAR_T01231,1,0.977,100.0,97.36,0.0,False
VAR_T01232,1,0.9776,100.0,97.92,0.0,False
VAR_T01233,1,0.977,100.0,98.16,0.0,False
VAR_T01234,1,0.0244,0.0,97.74,0.0,False
VAR_T01235,1,0.9769,100.0,97.78,0.0,False
VAR_T01236,1,0.0234,0.0,95.38,0.0,False
VAR_T01237,1,0.0404,1.39,98.35,0.0,False
VAR_T01238,1,0.0256,0.0,97.9,0.0,False
VAR_T01239,1,0.0213,0.0,91.55,0.0,False
VAR_T01240,1,0.9767,100.0,95.6,0.0,False
VAR_T01241,1,0.9761,100.0,97.1,0.0,False
VAR_T01242,1,0.0263,0.0,97.61,0.0,False
VAR_T01243,1,0.9644,99.12,96.89,0.0,False
VAR_T01244,1,0.9771,100.0,97.22,0.0,False
VAR_T01245,1,0.977,100.0,98.36,0.0,False
VAR_T01246,1,0.9772,100.0,98.04,0.0,False
VAR_T01247,1,0.024,0.0,96.69,0.0,False
VAR_T01248,1,0.9772,100.0,97.98,0.0,False
VAR_T01249,1,0.025,0.0,98.19,0.0,False
VAR_T01250,1,0.0245,0.0,97.88,0.0,False
VAR_T01251,1,0.0249,0.0,97.27,0.0,False
VAR_T01252,1,0.0251,0.0,97.75,0.0,False
VAR_T01253,1,0.0245,0.0,97.34,0.0,False
VAR_T01254,1,0.0202,0.0,96.28,0.171,False
VAR_T01255,1,0.0249,0.0,97.24,0.0,False
VAR_T01256,1,0.0249,0.0,96.81,0.029,False
VAR_T01257,1,0.0246,0.0,96.51,0.0,False
VAR_T01258,1,0.9769,100.0,98.47,0.0,False
VAR_T01259,1,0.9757,100.0,96.05,0.0,False
VAR_T01260,1,0.0245,0.0,98.1,0.0,False
VAR_T01261,1,0.977,100.0,98.0,0.0,False
VAR_T01262,1,0.0248,0.0,94.76,0.0,False
VAR_T01263,1,0.9762,100.0,96.56,0.0,False
VAR_T01264,1,0.0244,0.0,98.81,0.0,False
VAR_T01265,1,0.9767,100.0,98.61,0.0,False
VAR_T01266,1,0.9766,100.0,96.2,0.0,False
VAR_T01267,1,0.0215,0.0,91.84,0.0,False
VAR_T01268,1,0.9767,100.0,98.28,0.0,False
VAR_T01269,1,0.0229,0.0,94.61,0.0,False
VAR_T01270,1,0.9775,100.0,96.79,0.0,False
VAR_T01271,1,0.0253,0.0,98.35,0.0,False
VAR_T01272,1,0.9766,100.0,97.57,0.0,False
VAR_T01273,1,0.0246,0.0,97.93,0.0,False
VAR_T01274,1,0.9752,100.0,93.32,0.0,False
VAR_T01275,1,0.9768,100.0,97.57,0.0,False
VAR_T01276,1,0.0251,0.0,98.64,0.0,False
VAR_T01277,1,0.9762,100.0,96.86,0.0,False
VAR_T01278,1,0.9759,100.0,96.87,0.0,False
VAR_T01279,1,0.0208,0.0,95.13,0.0,False
VAR_T01280,1,0.9769,100.0,98.13,0.0,False
VAR_T01281,1,0.0248,0.0,96.95,0.029,False
VAR_T01282,1,0.0247,0.0,96.95,0.0,False
VAR_T01283,1,0.0255,0.0,96.69,0.0,False
VAR_T01284,1,0.9775,100.0,97.76,0.0,False
VAR_T01285,1,0.9772,100.0,97.46,0.0,False
VAR_T01286,1,0.0227,0.0,95.08,0.0,False
VAR_T01287,1,0.9748,100.0,97.99,0.0,False
VAR_T01288,1,0.9755,100.0,93.63,0.0,False
VAR_T01289,1,0.9749,100.0,97.59,0.0,False
VAR_T01290,1,0.0248,0.0,97.57,0.0,False
VAR_T01291,1,0.0252,0.0,98.34,0.0,False
VAR_T01292,1,0.9765,100.0,97.46,0.0,False
VAR_T01293,1,0.0209,0.0,93.55,0.0,False
VAR_T01294,1,0.0244,0.0,98.37,0.0,False
VAR_T01295,1,0.0259,0.0,99.33,0.0,False
VAR_T01296,1,0.0243,0.0,98.06,0.029,False
VAR_T01297,1,0.0247,0.0,97.51,0.0,False
VAR_T01298,1,0.0232,0.0,95.23,0.0,False
VAR_T01299,1,0.9736,100.0,97.41,0.0,False
VAR_T01300,1,0.9766,100.0,97.54,0.0,False
VAR_T01301,1,0.0247,0.0,98.24,0.0,False
VAR_T01302,1,0.9767,100.0,96.93,0.0,False
VAR_T01303,1,0.0247,0.0,97.82,0.0,False
VAR_T01304,1,0.0202,0.0,98.14,0.2,False
VAR_T01305,1,0.0204,0.0,96.66,0.0,False
VAR_T01306,1,0.9766,100.0,96.92,0.0,False
VAR_T01307,1,0.9765,100.0,96.98,0.0,False
VAR_T01308,1,0.0242,0.0,97.26,0.0,False
VAR_T01309,1,0.0246,0.0,98.8,0.0,False
VAR_T01310,1,0.0243,0.0,97.9,0.0,False
VAR_T01311,1,0.0207,0.0,97.42,0.0,False
VAR_T01312,1,0.9764,100.0,96.81,0.0,False
VAR_T01313,1,0.9758,100.0,97.69,0.0,False
VAR_T01314,1,0.9767,100.0,97.24,0.0,False
VAR_T01315,1,0.0248,0.0,97.28,0.0,False
VAR_T01316,1,0.0242,0.0,98.04,0.0,False
VAR_T01317,1,0.9758,100.0,96.2,0.0,False
VAR_T01318,1,0.977,100.0,97.47,0.0,False
VAR_T01319,1,0.9769,100.0,97.59,0.0,False
VAR_T01320,1,0.975,100.0,98.85,0.0,False
VAR_T01321,1,0.9763,100.0,97.53,0.0,False
VAR_T01322,1,0.0246,0.0,97.52,0.0,False
VAR_T01323,1,0.0243,0.0,97.53,0.029,False
VAR_T01324,1,0.0251,0.0,97.97,0.0,False
VAR_T01325,1,0.0205,0.0,95.88,0.029,False
VAR_T01326,1,0.0204,0.0,95.35,0.0,False
VAR_T01327,1,0.0252,0.0,96.94,0.0,False
VAR_T01328,1,0.9771,100.0,97.97,0.0,False
VAR_T01329,1,0.0245,0.0,96.84,0.0,False
VAR_T01330,1,0.0211,0.0,93.32,0.0,False
VAR_T01331,1,0.9767,100.0,97.52,0.0,False
VAR_T01332,1,0.0244,0.0,97.53,0.0,False
VAR_T01333,1,0.9759,100.0,97.76,0.0,False
VAR_T01334,1,0.0208,0.0,94.34,0.0,False
VAR_T01335,1,0.0248,0.0,97.89,0.0,False
VAR_T01336,1,0.9771,100.0,95.97,0.0,False
VAR_T01337,1,0.9767,100.0,98.03,0.0,False
VAR_T01338,1,0.0247,0.0,98.17,0.0,False
VAR_T01339,1,0.0228,0.0,95.3,0.0,False
VAR_T01340,1,0.0209,0.0,93.6,0.0,False
VAR_T01341,1,0.0245,0.0,98.36,0.0,False
VAR_T01342,1,0.9773,100.0,96.18,0.0,False
VAR_T01343,1,0.0268,0.0,98.76,0.0,False
VAR_T01344,1,0.9764,100.0,95.44,0.0,False
VAR_T01345,1,0.9767,100.0,95.99,0.0,False
VAR_T01346,1,0.9743,100.0,96.54,0.0,False
VAR_T01347,1,0.9768,100.0,96.8,0.0,False
VAR_T01348,1,0.9748,100.0,93.49,0.0,False
VAR_T01349,1,0.9756,100.0,98.27,0.0,False
VAR_T01350,1,0.0246,0.0,98.65,0.0,False
VAR_T01351,1,0.9772,100.0,98.18,0.0,False
VAR_T01352,1,0.9649,99.17,96.89,0.0,False
VAR_T01353,1,0.9762,100.0,97.19,0.0,False
VAR_T01354,1,0.0252,0.0,98.16,0.0,False
VAR_T01355,1,0.0249,0.0,98.72,0.0,False
VAR_T01356,1,0.0247,0.0,98.68,0.0,False
VAR_T01357,1,0.0261,0.0,97.62,0.0,False
VAR_T01358,1,0.9769,100.0,97.75,0.0,False
VAR_T01359,1,0.9757,100.0,96.92,0.0,False
VAR_T01360,1,0.0244,0.0,98.32,0.0,False
VAR_T01361,1,0.9773,100.0,96.94,0.0,False
VAR_T01362,1,0.0244,0.0,98.95,0.0,False
VAR_T01363,1,0.0246,0.0,97.51,0.0,False
VAR_T01364,1,0.9697,99.68,94.94,0.0,False
VAR_T01365,1,0.9773,100.0,97.11,0.0,False
VAR_T01366,1,0.0215,0.0,90.02,0.0,False
VAR_T01367,1,0.9769,100.0,95.83,0.0,False
VAR_T01368,1,0.0207,0.0,94.46,0.0,False
VAR_T01369,1,0.0252,0.0,97.01,0.0,False
VAR_T01370,1,0.977,100.0,97.45,0.0,False
VAR_T01371,1,0.0246,0.0,98.58,0.0,False
VAR_T01372,1,0.9762,100.0,97.45,0.0,False
VAR_T01373,1,0.9755,100.0,98.34,0.0,False
VAR_T01374,1,0.9771,100.0,97.29,0.0,False
VAR_T01375,1,0.9756,100.0,98.48,0.0,False
VAR_T01376,1,0.9772,100.0,97.99,0.0,False
VAR_T01377,1,0.977,100.0,96.21,0.029,False
VAR_T01378,1,0.0244,0.0,98.04,0.0,False
VAR_T01379,1,0.0213,0.0,96.81,0.0,False
VAR_T01380,1,0.9771,100.0,97.3,0.0,False
VAR_T01381,1,0.977,100.0,97.71,0.0,False
VAR_T01382,1,0.0251,0.0,97.72,0.0,False
VAR_T01383,1,0.9773,100.0,96.91,0.0,False
VAR_T01384,1,0.0254,0.0,97.5,0.0,False
VAR_T01385,1,0.9771,100.0,96.71,0.0,False
VAR_T01386,1,0.9763,100.0,97.51,0.0,False
VAR_T01387,1,0.9763,100.0,98.08,0.0,False
VAR_T01388,1,0.0244,0.0,98.76,0.0,False
VAR_T01389,1,0.9761,100.0,97.97,0.0,False
VAR_T01390,1,0.9757,100.0,97.99,0.0,False
VAR_T01391,1,0.0251,0.0,97.65,0.0,False
VAR_T01392,1,0.9774,100.0,96.56,0.0,False
VAR_T01393,1,0.9768,100.0,98.51,0.0,False
VAR_T01394,1,0.0246,0.0,98.22,0.0,False
VAR_T01395,1,0.0246,0.0,98.84,0.0,False
VAR_T01396,1,0.9767,100.0,97.35,0.0,False
VAR_T01397,1,0.977,100.0,97.11,0.0,False
VAR_T01398,1,0.0248,0.0,97.38,0.0,False
VAR_T01399,1,0.0245,0.0,97.95,0.0,False
VAR_T01400,1,0.9764,100.0,97.13,0.0,False
VAR_T01401,1,0.9769,100.0,97.65,0.0,False
VAR_T01402,1,0.9765,100.0,96.92,0.0,False
VAR_T01403,1,0.0209,0.0,92.0,0.0,False
VAR_T01404,1,0.0246,0.0,94.57,0.029,False
VAR_T01405,1,0.0247,0.0,98.52,0.0,False
VAR_T01406,1,0.9769,100.0,97.5,0.0,False
VAR_T01407,1,0.0235,0.0,94.45,0.0,False
VAR_T01408,1,0.0247,0.0,98.36,0.0,False
VAR_T01409,1,0.9761,100.0,97.16,0.0,False
VAR_T01410,1,0.9772,100.0,97.93,0.0,False
VAR_T01411,1,0.9766,100.0,97.46,0.0,False
VAR_T01412,1,0.9769,100.0,97.46,0.0,False
VAR_T01413,1,0.0217,0.0,91.2,0.0,False
VAR_T01414,1,0.9772,100.0,96.55,0.0,False
VAR_T01415,1,0.9772,100.0,97.38,0.0,False
VAR_T01416,1,0.0247,0.0,98.29,0.0,False
VAR_T01417,1,0.0254,0.0,98.67,0.0,False
VAR_T01418,1,0.977,100.0,97.69,0.0,False
VAR_T01419,1,0.0205,0.0,98.19,0.229,False
VAR_T01420,1,0.0203,0.0,94.79,0.0,False
VAR_T01421,1,0.9734,100.0,91.48,0.0,False
VAR_T01422,1,0.0245,0.0,97.56,0.0,False
VAR_T01423,1,0.9769,100.0,97.79,0.0,False
VAR_T01424,1,0.0209,0.0,93.54,0.0,False
VAR_T01425,1,0.0245,0.0,98.23,0.0,False
VAR_T01426,1,0.0203,0.0,96.64,0.0,False
VAR_T01427,1,0.0247,0.0,98.38,0.0,False
VAR_T01428,1,0.9764,100.0,98.1,0.0,False
VAR_T01429,1,0.9769,100.0,96.76,0.0,False
VAR_T01430,1,0.9772,100.0,97.07,0.0,False
VAR_T01431,1,0.0247,0.0,98.51,0.0,False
VAR_T01432,1,0.0243,0.0,98.94,0.0,False
VAR_T01433,1,0.0241,0.0,92.35,0.0,False
VAR_T01434,1,0.977,100.0,96.47,0.0,False
VAR_T01435,1,0.9747,100.0,92.08,0.0,False
VAR_T01436,1,0.977,100.0,97.48,0.0,False
VAR_T01437,1,0.9773,100.0,96.93,0.0,False
VAR_T01438,1,0.9773,100.0,98.34,0.0,False
VAR_T01439,1,0.024,0.0,96.6,0.029,False
VAR_T01440,1,0.0254,0.0,98.33,0.0,False
VAR_T01441,1,0.0244,0.0,97.87,0.0,False
VAR_T01442,1,0.0227,0.0,89.18,0.0,False
VAR_T01443,1,0.9759,100.0,97.76,0.0,False
VAR_T01444,1,0.0247,0.0,98.4,0.0,False
VAR_T01445,1,0.022,0.0,93.61,0.0,False
VAR_T01446,1,0.0248,0.0,98.52,0.0,False
VAR_T01447,1,0.0248,0.0,97.12,0.0,False
VAR_T01448,1,0.0248,0.0,98.16,0.0,False
VAR_T01449,1,0.9761,100.0,98.62,0.0,False
VAR_T01450,1,0.0248,0.0,98.17,0.0,False
VAR_T01451,1,0.9765,100.0,97.71,0.0,False
VAR_T01452,1,0.9746,100.0,94.75,0.0,False
VAR_T01453,1,0.0248,0.0,98.32,0.0,False
VAR_T01454,1,0.0252,0.0,98.36,0.0,False
VAR_T01455,1,0.0247,0.0,97.35,0.0,False
VAR_T01456,1,0.9768,100.0,97.51,0.0,False
VAR_T01457,1,0.974,100.0,93.8,0.0,False
VAR_T01458,1,0.9772,100.0,96.33,0.0,False
VAR_T01459,1,0.0256,0.0,98.55,0.0,False
VAR_T01460,1,0.0245,0.0,98.53,0.0,False
VAR_T01461,1,0.0245,0.0,98.76,0.0,False
VAR_T01462,1,0.0201,0.0,96.15,0.171,False
VAR_T01463,1,0.9772,100.0,98.06,0.0,False
VAR_T01464,1,0.9762,100.0,96.5,0.0,False
VAR_T01465,1,0.025,0.0,98.4,0.0,False
VAR_T01466,1,0.0247,0.0,97.47,0.0,False
VAR_T01467,1,0.9768,100.0,96.41,0.0,False
VAR_T01468,1,0.9769,100.0,96.79,0.0,False
VAR_T01469,1,0.9765,100.0,97.14,0.0,False
VAR_T01470,1,0.0206,0.0,94.79,0.0,False
VAR_T01471,1,0.0248,0.0,98.55,0.0,False
VAR_T01472,1,0.0249,0.0,98.29,0.0,False
VAR_T01473,1,0.0246,0.0,98.25,0.0,False
VAR_T01474,1,0.9762,100.0,97.58,0.0,False
VAR_T01475,1,0.9754,100.0,97.84,0.0,False
VAR_T01476,1,0.9767,100.0,98.05,0.0,False
VAR_T01477,1,0.0252,0.0,97.17,0.0,False
VAR_T01478,1,0.0215,0.0,77.75,0.0,False
VAR_T01479,1,0.9754,100.0,95.27,0.0,False
VAR_T01480,1,0.9768,100.0,97.52,0.0,False
VAR_T01481,1,0.9773,100.0,96.18,0.0,False
VAR_T01482,1,0.025,0.0,98.31,0.0,False
VAR_T01483,1,0.9771,100.0,97.19,0.0,False
VAR_T01484,1,0.9771,100.0,97.84,0.0,False
VAR_T01485,1,0.9714,99.85,98.56,0.0,False
VAR_T01486,1,0.9772,100.0,97.97,0.0,False
VAR_T01487,1,0.9742,100.0,85.32,0.0,False
VAR_T01488,1,0.9769,100.0,97.34,0.0,False
VAR_T01489,1,0.9706,99.77,95.24,0.0,False
VAR_T01490,1,0.977,100.0,97.37,0.0,False
VAR_T01491,1,0.0244,0.0,97.92,0.0,False
VAR_T01492,1,0.0214,0.0,93.42,0.0,False
VAR_T01493,1,0.977,100.0,97.73,0.0,False
VAR_T01494,1,0.9771,100.0,97.24,0.0,False
VAR_T01495,1,0.9769,100.0,98.18,0.0,False
VAR_T01496,1,0.0254,0.0,98.82,0.0,False
VAR_T01497,1,0.0263,0.0,98.53,0.0,False
VAR_T01498,1,0.977,100.0,97.71,0.0,False
VAR_T01499,1,0.0206,0.0,96.35,0.0,False
VAR_T01500,1,0.0209,0.0,97.27,0.0,False
VAR_T01501,1,0.9763,100.0,98.34,0.0,False
VAR_T01502,1,0.0244,0.0,97.39,0.0,False
VAR_T01503,1,0.0246,0.0,97.75,0.0,False
VAR_T01504,1,0.9765,100.0,98.21,0.0,False
VAR_T01505,1,0.0246,0.0,97.36,0.0,False
VAR_T01506,1,0.0212,0.0,93.88,0.0,False
VAR_T01507,1,0.9769,100.0,97.59,0.0,False
VAR_T01508,1,0.0246,0.0,97.97,0.0,False
VAR_T01509,1,0.976,100.0,95.29,0.0,False
VAR_T01510,1,0.0247,0.0,98.2,0.0,False
VAR_T01511,1,0.0245,0.0,97.59,0.0,False
VAR_T01512,1,0.9771,100.0,97.76,0.0,False
VAR_T01513,1,0.9772,100.0,97.5,0.0,False
VAR_T01514,1,0.0246,0.0,98.03,0.0,False
VAR_T01515,1,0.025,0.0,97.73,0.0,False
VAR_T01516,1,0.9771,100.0,97.5,0.0,False
VAR_T01517,1,0.9772,100.0,97.37,0.0,False
VAR_T01518,1,0.0232,0.0,95.17,0.0,False
VAR_T01519,1,0.9588,98.52,97.89,0.0,False
VAR_T01520,1,0.9772,100.0,97.69,0.0,False
VAR_T01521,1,0.0248,0.0,97.65,0.0,False
VAR_T01522,1,0.0207,0.0,95.64,0.0,False
VAR_T01523,1,0.0245,0.0,98.6,0.0,False
VAR_T01524,1,0.977,100.0,98.58,0.0,False
VAR_T01525,1,0.9772,100.0,98.05,0.0,False
VAR_T01526,1,0.976,100.0,97.72,0.0,False
VAR_T01527,1,0.9775,100.0,96.94,0.0,False
VAR_T01528,1,0.9708,99.79,97.8,0.0,False
VAR_T01529,1,0.9772,100.0,97.87,0.0,False
VAR_T01530,1,0.9761,100.0,97.06,0.0,False
VAR_T01531,1,0.9767,100.0,98.06,0.0,False
VAR_T01532,1,0.977,100.0,96.48,0.0,False
VAR_T01533,1,0.9769,100.0,97.19,0.0,False
VAR_T01534,1,0.0203,0.0,94.28,0.2,False
VAR_T01535,1,0.977,100.0,98.43,0.0,False
VAR_T01536,1,0.0249,0.0,96.61,0.0,False
VAR_T01537,1,0.9762,100.0,97.45,0.0,False
VAR_T01538,1,0.9718,99.9,98.11,0.0,False
VAR_T01539,1,0.9767,100.0,97.66,0.0,False
VAR_T01540,1,0.9767,100.0,98.4,0.0,False
VAR_T01541,1,0.0247,0.0,96.05,0.0,False
VAR_T01542,1,0.0249,0.0,98.14,0.0,False
VAR_T01543,1,0.0248,0.0,98.6,0.0,False
VAR_T01544,1,0.9766,100.0,97.33,0.0,False
VAR_T01545,1,0.0247,0.0,98.02,0.0,False
VAR_T01546,1,0.0219,0.0,95.4,0.0,False
VAR_T01547,1,0.9771,100.0,97.86,0.0,False
VAR_T01548,1,0.0226,0.0,93.94,0.0,False
VAR_T01549,1,0.9772,100.0,97.52,0.0,False
VAR_T01550,1,0.9765,100.0,97.78,0.0,False
VAR_T01551,1,0.9764,100.0,97.63,0.0,False
VAR_T01552,1,0.9767,100.0,98.6,0.0,False
VAR_T01553,1,0.0212,0.0,94.75,0.0,False
VAR_T01554,1,0.9725,99.98,92.42,0.0,False
VAR_T01555,1,0.9762,100.0,96.41,0.0,False
VAR_T01556,1,0.0246,0.0,97.32,0.0,False
VAR_T01557,1,0.9768,100.0,96.88,0.0,False
VAR_T01558,1,0.0247,0.0,96.82,0.0,False
VAR_T01559,1,0.9772,100.0,96.72,0.0,False
VAR_T01560,1,0.9766,100.0,98.82,0.0,False
VAR_T01561,1,0.0243,0.0,96.21,0.0,False
VAR_T01562,1,0.0211,0.0,91.66,0.0,False
VAR_T01563,1,0.0242,0.0,98.03,0.0,False
VAR_T01564,1,0.977,100.0,97.32,0.0,False
VAR_T01565,1,0.9755,100.0,98.39,0.0,False
VAR_T01566,1,0.0228,0.0,94.97,0.0,False
VAR_T01567,1,0.9768,100.0,97.63,0.0,False
VAR_T01568,1,0.0203,0.0,93.21,0.0,False
VAR_T01569,1,0.9765,100.0,97.38,0.0,False
VAR_T01570,1,0.0217,0.0,94.49,0.0,False
VAR_T01571,1,0.0206,0.0,93.89,0.0,False
VAR_T01572,1,0.9769,100.0,98.18,0.0,False
VAR_T01573,1,0.976,100.0,97.95,0.0,False
VAR_T01574,1,0.9769,100.0,98.13,0.0,False
VAR_T01575,1,0.977,100.0,96.46,0.0,False
VAR_T01576,1,0.0265,0.0,97.95,0.0,False
VAR_T01577,1,0.0245,0.0,96.9,0.0,False
VAR_T01578,1,0.0252,0.0,97.86,0.0,False
VAR_T01579,1,0.0255,0.0,98.85,0.0,False
VAR_T01580,1,0.9714,99.86,97.67,0.0,False
VAR_T01581,1,0.0215,0.0,93.77,0.0,False
VAR_T01582,1,0.0306,0.35,97.87,0.0,False
VAR_T01583,1,0.9748,100.0,94.69,0.0,False
VAR_T01584,1,0.9773,100.0,97.4,0.0,False
VAR_T01585,1,0.0231,0.0,92.98,0.0,False
VAR_T01586,1,0.0247,0.0,97.63,0.0,False
VAR_T01587,1,0.9773,100.0,97.7,0.0,False
VAR_T01588,1,0.0248,0.0,98.34,0.0,False
VAR_T01589,1,0.0246,0.0,98.69,0.0,False
VAR_T01590,1,0.0245,0.0,97.08,0.029,False
VAR_T01591,1,0.9753,100.0,97.01,0.0,False
VAR_T01592,1,0.0245,0.0,98.81,0.0,False
VAR_T01593,1,0.9766,100.0,97.18,0.0,False
VAR_T01594,1,0.0245,0.0,98.24,0.0,False
VAR_T01595,1,0.0225,0.0,94.17,0.0,False
VAR_T01596,1,0.0256,0.0,97.87,0.0,False
VAR_T01597,1,0.0249,0.0,97.64,0.0,False
VAR_T01598,1,0.9763,100.0,97.68,0.0,False
VAR_T01599,1,0.0245,0.0,98.54,0.0,False
VAR_T01600,1,0.9759,100.0,96.14,0.0,False
VAR_T01601,1,0.9771,100.0,98.22,0.0,False
VAR_T01602,1,0.0249,0.0,97.97,0.0,False
VAR_T01603,1,0.9699,99.7,91.69,0.0,False
VAR_T01604,1,0.9755,100.0,98.3,0.0,False
VAR_T01605,1,0.0256,0.0,98.41,0.0,False
VAR_T01606,1,0.9767,100.0,98.15,0.0,False
VAR_T01607,1,0.0247,0.0,95.05,0.029,False
VAR_T01608,1,0.022,0.0,93.93,0.0,False
VAR_T01609,1,0.9764,100.0,97.54,0.0,False
VAR_T01610,1,0.9769,100.0,98.16,0.0,False
VAR_T01611,1,0.9768,100.0,97.59,0.0,False
VAR_T01612,1,0.0226,0.0,94.3,0.0,False
VAR_T01613,1,0.0204,0.0,95.26,0.0,False
VAR_T01614,1,0.975,100.0,97.94,0.0,False
VAR_T01615,1,0.0203,0.0,97.16,0.0,False
VAR_T01616,1,0.0245,0.0,97.52,0.0,False
VAR_T01617,1,0.9772,100.0,96.95,0.0,False
VAR_T01618,1,0.0251,0.0,98.16,0.0,False
VAR_T01619,1,0.9772,100.0,97.33,0.0,False
VAR_T01620,1,0.0256,0.0,98.45,0.0,False
VAR_T01621,1,0.025,0.0,97.65,0.0,False
VAR_T01622,1,0.0218,0.0,95.41,0.0,False
VAR_T01623,1,0.0248,0.0,98.2,0.0,False
VAR_T01624,1,0.0212,0.0,93.55,0.0,False
VAR_T01625,1,0.0244,0.0,97.08,0.0,False
VAR_T01626,1,0.0238,0.0,95.65,0.0,False
VAR_T01627,1,0.0247,0.0,98.88,0.0,False
VAR_T01628,1,0.9759,100.0,94.56,0.0,False
VAR_T01629,1,0.0244,0.0,98.18,0.0,False
VAR_T01630,1,0.9763,100.0,97.89,0.0,False
VAR_T01631,1,0.9767,100.0,96.75,0.0,False
VAR_T01632,1,0.0249,0.0,98.24,0.0,False
VAR_T01633,1,0.9774,100.0,98.49,0.0,False
VAR_T01634,1,0.0222,0.0,94.11,0.0,False
VAR_T01635,1,0.9767,100.0,97.36,0.0,False
VAR_T01636,1,0.9769,100.0,98.15,0.0,False
VAR_T01637,1,0.9765,100.0,97.44,0.0,False
VAR_T01638,1,0.0248,0.0,98.33,0.0,False
VAR_T01639,1,0.0205,0.0,94.67,0.0,False
VAR_T01640,1,0.9769,100.0,96.01,0.0,False
VAR_T01641,1,0.0204,0.0,98.96,0.2,False
VAR_T01642,1,0.0255,0.0,96.95,0.029,False
VAR_T01643,1,0.0208,0.0,94.75,0.0,False
VAR_T01644,1,0.9759,100.0,98.44,0.0,False
VAR_T01645,1,0.0246,0.0,97.63,0.0,False
VAR_T01646,1,0.0245,0.0,97.58,0.0,False
VAR_T01647,1,0.9712,99.83,97.38,0.0,False
VAR_T01648,1,0.0229,0.0,92.0,0.0,False
VAR_T01649,1,0.0266,0.0,97.2,0.0,False
VAR_T01650,1,0.9762,100.0,96.84,0.0,False
VAR_T01651,1,0.9769,100.0,96.32,0.0,False
VAR_T01652,1,0.9769,100.0,96.97,0.0,False
VAR_T01653,1,0.0251,0.0,96.93,0.0,False
VAR_T01654,1,0.9769,100.0,98.07,0.0,False
VAR_T01655,1,0.025,0.0,98.06,0.0,False
VAR_T01656,1,0.0243,0.0,97.28,0.0,False
VAR_T01657,1,0.0208,0.0,94.14,0.0,False
VAR_T01658,1,0.9769,100.0,97.93,0.0,False
VAR_T01659,1,0.0247,0.0,98.19,0.0,False
VAR_T01660,1,0.0227,0.0,91.35,0.0,False
VAR_T01661,1,0.0223,0.0,94.46,0.0,False
VAR_T01662,1,0.977,100.0,97.59,0.0,False
VAR_T01663,1,0.9764,100.0,97.18,0.0,False
VAR_T01664,1,0.0215,0.0,94.36,0.0,False
VAR_T01665,1,0.9765,100.0,97.78,0.0,False
VAR_T01666,1,0.023,0.0,95.81,0.0,False
VAR_T01667,1,0.9728,100.0,95.52,0.0,False
VAR_T01668,1,0.0242,0.0,98.22,0.0,False
VAR_T01669,1,0.0235,0.0,93.49,0.0,False
VAR_T01670,1,0.976,100.0,96.42,0.0,False
VAR_T01671,1,0.9739,100.0,96.66,0.0,False
VAR_T01672,1,0.0228,0.0,93.9,0.0,False
VAR_T01673,1,0.9767,100.0,96.14,0.0,False
VAR_T01674,1,0.025,0.0,97.8,0.0,False
VAR_T01675,1,0.025,0.0,97.88,0.0,False
VAR_T01676,1,0.0246,0.0,98.27,0.0,False
VAR_T01677,1,0.9599,98.64,97.12,0.0,False
VAR_T01678,1,0.9769,100.0,98.56,0.0,False
VAR_T01679,1,0.9767,100.0,97.67,0.0,False
VAR_T01680,1,0.0204,0.0,95.44,0.0,False
VAR_T01681,1,0.0242,0.0,96.59,0.0,False
VAR_T01682,1,0.9731,100.0,95.65,0.0,False
VAR_T01683,1,0.0252,0.0,97.92,0.0,False
VAR_T01684,1,0.9729,100.0,93.91,0.0,False
VAR_T01685,1,0.977,100.0,97.57,0.0,False
VAR_T01686,1,0.0209,0.0,94.14,0.0,False
VAR_T01687,1,0.0207,0.0,88.59,0.0,False
VAR_T01688,1,0.9773,100.0,96.57,0.0,False
VAR_T01689,1,0.0236,0.0,95.91,0.0,False
VAR_T01690,1,0.0247,0.0,98.72,0.0,False
VAR_T01691,1,0.9771,100.0,96.46,0.0,False
VAR_T01692,1,0.9767,100.0,96.77,0.0,False
VAR_T01693,1,0.0246,0.0,98.18,0.0,False
VAR_T01694,1,0.9753,100.0,95.15,0.0,False
VAR_T01695,1,0.0207,0.0,94.5,0.0,False
VAR_T01696,1,0.9763,100.0,96.13,0.0,False
VAR_T01697,1,0.0248,0.0,97.04,0.0,False
VAR_T01698,1,0.976,100.0,97.44,0.0,False
VAR_T01699,1,0.0244,0.0,98.55,0.0,False
VAR_T01700,1,0.0233,0.0,88.6,0.029,False
VAR_T01701,1,0.9775,100.0,97.92,0.029,False
VAR_T01702,1,0.977,100.0,96.25,0.0,False
VAR_T01703,1,0.9761,100.0,97.89,0.0,False
VAR_T01704,1,0.0198,0.0,99.33,0.229,False
VAR_T01705,1,0.9763,100.0,96.95,0.0,False
VAR_T01706,1,0.9772,100.0,98.09,0.0,False
VAR_T01707,1,0.0245,0.0,97.85,0.0,False
VAR_T01708,1,0.9707,99.78,96.99,0.0,False
VAR_T01709,1,0.9737,100.0,97.36,0.0,False
VAR_T01710,1,0.9755,100.0,96.05,0.0,False
VAR_T01711,1,0.0221,0.0,94.19,0.0,False
VAR_T01712,1,0.9769,100.0,94.84,0.0,False
VAR_T01713,1,0.9766,100.0,97.64,0.0,False
VAR_T01714,1,0.0244,0.0,97.29,0.0,False
VAR_T01715,1,0.9767,100.0,97.25,0.0,False
VAR_T01716,1,0.0244,0.0,97.65,0.0,False
VAR_T01717,1,0.9769,100.0,97.5,0.0,False
VAR_T01718,1,0.977,100.0,96.58,0.0,False
VAR_T01719,1,0.0247,0.0,99.01,0.0,False
VAR_T01720,1,0.0261,0.0,95.1,0.0,False
VAR_T01721,1,0.0245,0.0,97.55,0.0,False
VAR_T01722,1,0.0249,0.0,97.95,0.0,False
VAR_T01723,1,0.0208,0.0,96.77,0.0,False
VAR_T01724,1,0.0219,0.0,92.83,0.0,False
VAR_T01725,1,0.0247,0.0,97.86,0.0,False
VAR_T01726,1,0.0221,0.0,91.9,0.0,False
VAR_T01727,1,0.9753,100.0,97.79,0.0,False
VAR_T01728,1,0.0248,0.0,97.15,0.0,False
VAR_T01729,1,0.977,100.0,97.88,0.0,False
VAR_T01730,1,0.0247,0.0,97.61,0.0,False
VAR_T01731,1,0.9756,100.0,96.88,0.0,False
VAR_T01732,1,0.9766,100.0,96.03,0.0,False
VAR_T01733,1,0.9758,100.0,96.49,0.0,False
VAR_T01734,1,0.9773,100.0,97.04,0.0,False
VAR_T01735,1,0.9768,100.0,97.8,0.0,False
VAR_T01736,1,0.0246,0.0,97.92,0.0,False
VAR_T01737,1,0.9772,100.0,98.42,0.0,False
VAR_T01738,1,0.0201,0.0,98.08,0.171,False
VAR_T01739,1,0.0255,0.0,97.53,0.0,False
VAR_T01740,1,0.0247,0.0,98.98,0.0,False
VAR_T01741,1,0.0253,0.0,98.08,0.0,False
VAR_T01742,1,0.0248,0.0,98.27,0.0,False
VAR_T01743,1,0.0246,0.0,98.31,0.0,False
VAR_T01744,1,0.0208,0.0,95.48,0.0,False
VAR_T01745,1,0.0245,0.0,98.46,0.0,False
VAR_T01746,1,0.9769,100.0,96.0,0.0,False
VAR_T01747,1,0.02,0.0,99.13,0.2,False
VAR_T01748,1,0.0247,0.0,98.39,0.0,False
VAR_T01749,1,0.0227,0.0,94.89,0.0,False
VAR_T01750,1,0.0213,0.0,95.8,0.0,False
VAR_T01751,1,0.0249,0.0,97.93,0.0,False
VAR_T01752,1,0.0204,0.0,92.25,0.0,False
VAR_T01753,1,0.0244,0.0,98.5,0.0,False
VAR_T01754,1,0.0206,0.0,92.87,0.0,False
VAR_T01755,1,0.9772,100.0,98.02,0.0,False
VAR_T01756,1,0.02,0.0,96.96,0.2,False
VAR_T01757,1,0.0241,0.0,98.36,0.0,False
VAR_T01758,1,0.0252,0.0,97.19,0.0,False
VAR_T01759,1,0.0246,0.0,98.95,0.0,False
VAR_T01760,1,0.977,100.0,97.53,0.0,False
VAR_T01761,1,0.9755,100.0,97.88,0.0,False
VAR_T01762,1,0.0257,0.0,98.78,0.0,False
VAR_T01763,1,0.0247,0.0,96.78,0.0,False
VAR_T01764,1,0.9765,100.0,97.66,0.0,False
VAR_T01765,1,0.0242,0.0,98.21,0.0,False
VAR_T01766,1,0.0225,0.0,94.67,0.0,False
VAR_T01767,1,0.9761,100.0,97.26,0.0,False
VAR_T01768,1,0.9771,100.0,96.52,0.0,False
VAR_T01769,1,0.9713,99.85,97.72,0.0,False
VAR_T01770,1,0.0245,0.0,98.52,0.0,False
VAR_T01771,1,0.0234,0.0,95.83,0.0,False
VAR_T01772,1,0.0247,0.0,97.9,0.0,False
VAR_T01773,1,0.0202,0.0,96.3,0.2,False
VAR_T01774,1,0.0246,0.0,97.36,0.0,False
VAR_T01775,1,0.0246,0.0,96.76,0.0,False
VAR_T01776,1,0.021,0.0,98.82,0.2,False
VAR_T01777,1,0.0245,0.0,97.32,0.0,False
VAR_T01778,1,0.025,0.0,98.55,0.0,False
VAR_T01779,1,0.0246,0.0,97.52,0.0,False
VAR_T01780,1,0.0249,0.0,98.75,0.0,False
VAR_T01781,1,0.0217,0.0,92.2,0.0,False
VAR_T01782,1,0.0202,0.0,95.11,0.0,False
VAR_T01783,1,0.0221,0.0,94.16,0.0,False
VAR_T01784,1,0.0244,0.0,98.73,0.0,False
VAR_T01785,1,0.9773,100.0,97.41,0.0,False
VAR_T01786,1,0.9752,100.0,95.73,0.0,False
VAR_T01787,1,0.025,0.0,98.02,0.0,False
VAR_T01788,1,0.0246,0.0,98.31,0.0,False
VAR_T01789,1,0.9773,100.0,95.49,0.0,False
VAR_T01790,1,0.9771,100.0,97.43,0.0,False
VAR_T01791,1,0.9753,100.0,95.87,0.0,False
VAR_T01792,1,0.0244,0.0,98.59,0.0,False
VAR_T01793,1,0.0246,0.0,98.11,0.0,False
VAR_T01794,1,0.0249,0.0,98.35,0.0,False
VAR_T01795,1,0.0218,0.0,93.5,0.0,False
VAR_T01796,1,0.9738,100.0,97.64,0.0,False
VAR_T01797,1,0.0248,0.0,97.98,0.0,False
VAR_T01798,1,0.9767,100.0,98.39,0.0,False
VAR_T01799,1,0.0244,0.0,97.3,0.0,False
VAR_T01800,1,0.025,0.0,98.84,0.0,False
VAR_T01801,1,0.9764,100.0,98.04,0.0,False
VAR_T01802,1,0.022,0.0,91.85,0.0,False
VAR_T01803,1,0.0251,0.0,98.47,0.0,False
VAR_T01804,1,0.9769,100.0,97.13,0.0,False
VAR_T01805,1,0.0248,0.0,97.44,0.0,False
VAR_T01806,1,0.9772,100.0,98.0,0.0,False
VAR_T01807,1,0.0204,0.0,97.36,0.0,False
VAR_T01808,1,0.9768,100.0,95.93,0.0,False
VAR_T01809,1,0.0246,0.0,98.12,0.0,False
VAR_T01810,1,0.9763,100.0,97.64,0.0,False
VAR_T01811,1,0.9771,100.0,96.39,0.0,False
VAR_T01812,1,0.0222,0.0,95.29,0.0,False
VAR_T01813,1,0.0244,0.0,94.86,0.0,False
VAR_T01814,1,0.0248,0.0,98.63,0.0,False
VAR_T01815,1,0.9767,100.0,97.34,0.0,False
VAR_T01816,1,0.0244,0.0,97.59,0.0,False
VAR_T01817,1,0.0237,0.0,95.2,0.0,False
VAR_T01818,1,0.9763,100.0,97.61,0.0,False
VAR_T01819,1,0.9772,100.0,97.77,0.0,False
VAR_T01820,1,0.9767,100.0,97.62,0.0,False
VAR_T01821,1,0.9763,100.0,98.83,0.0,False
VAR_T01822,1,0.9768,100.0,97.73,0.0,False
VAR_T01823,1,0.977,100.0,97.13,0.0,False
VAR_T01824,1,0.0271,0.0,97.8,0.0,False
VAR_T01825,1,0.0243,0.0,97.16,0.0,False
VAR_T01826,1,0.0229,0.0,94.62,0.0,False
VAR_T01827,1,0.0207,0.0,95.15,0.0,False
VAR_T01828,1,0.9766,100.0,96.95,0.0,False
VAR_T01829,1,0.0249,0.0,98.26,0.0,False
VAR_T01830,1,0.9766,100.0,98.44,0.0,False
VAR_T01831,1,0.026,0.0,98.29,0.0,False
VAR_T01832,1,0.9767,100.0,96.4,0.0,False
VAR_T01833,1,0.0244,0.0,97.73,0.0,False
VAR_T01834,1,0.9758,100.0,97.54,0.0,False
VAR_T01835,1,0.9761,100.0,94.95,0.0,False
VAR_T01836,1,0.9767,100.0,98.41,0.0,False
VAR_T01837,1,0.9772,100.0,96.57,0.0,False
VAR_T01838,1,0.0211,0.0,95.65,0.0,False
VAR_T01839,1,0.0262,0.0,98.09,0.0,False
VAR_T01840,1,0.9769,100.0,96.57,0.0,False
VAR_T01841,1,0.976,100.0,97.73,0.0,False
VAR_T01842,1,0.0254,0.0,97.08,0.0,False
VAR_T01843,1,0.025,0.0,97.88,0.0,False
VAR_T01844,1,0.9768,100.0,97.97,0.0,False
VAR_T01845,1,0.9769,100.0,97.65,0.0,False
VAR_T01846,1,0.9764,100.0,97.85,0.0,False
VAR_T01847,1,0.977,100.0,97.98,0.0,False
VAR_T01848,1,0.0202,0.0,95.56,0.0,False
VAR_T01849,1,0.9765,100.0,97.8,0.0,False
VAR_T01850,1,0.0243,0.0,98.51,0.0,False
VAR_T01851,1,0.9761,100.0,97.53,0.0,False
VAR_T01852,1,0.0243,0.0,97.9,0.0,False
VAR_T01853,1,0.0267,0.0,97.96,0.0,False
VAR_T01854,1,0.9769,100.0,97.7,0.0,False
VAR_T01855,1,0.9764,100.0,98.14,0.0,False
VAR_T01856,1,0.9769,100.0,98.33,0.0,False
VAR_T01857,1,0.0257,0.0,98.14,0.0,False
VAR_T01858,1,0.9761,100.0,97.86,0.0,False
VAR_T01859,1,0.9771,100.0,97.65,0.0,False
VAR_T01860,1,0.0233,0.0,93.73,0.0,False
VAR_T01861,1,0.0232,0.0,94.59,0.0,False
VAR_T01862,1,0.0253,0.0,98.54,0.0,False
VAR_T01863,1,0.0224,0.0,93.01,0.0,False
VAR_T01864,1,0.9773,100.0,97.44,0.0,False
VAR_T01865,1,0.0315,0.45,95.44,0.0,False
VAR_T01866,1,0.0257,0.0,97.56,0.0,False
VAR_T01867,1,0.9774,100.0,96.21,0.0,False
VAR_T01868,1,0.0244,0.0,96.76,0.0,False
VAR_T01869,1,0.9772,100.0,96.25,0.0,False
VAR_T01870,1,0.0233,0.0,94.76,0.0,False
VAR_T01871,1,0.9772,100.0,96.94,0.0,False
VAR_T01872,1,0.0239,0.0,98.18,0.0,False
VAR_T01873,1,0.0208,0.0,93.96,0.0,False
VAR_T01874,1,0.977,100.0,97.85,0.0,False
VAR_T01875,1,0.9767,100.0,97.53,0.0,False
VAR_T01876,1,0.9768,100.0,96.15,0.0,False
VAR_T01877,1,0.977,100.0,98.1,0.0,False
VAR_T01878,1,0.9764,100.0,97.08,0.0,False
VAR_T01879,1,0.9769,100.0,96.34,0.0,False
VAR_T01880,1,0.0247,0.0,97.58,0.0,False
VAR_T01881,1,0.9768,100.0,97.67,0.0,False
VAR_T01882,1,0.9762,100.0,96.13,0.0,False
VAR_T01883,1,0.0205,0.0,96.51,0.0,False
VAR_T01884,1,0.9735,100.0,93.36,0.0,False
VAR_T01885,1,0.0247,0.0,97.31,0.0,False
VAR_T01886,1,0.977,100.0,97.92,0.0,False
VAR_T01887,1,0.0214,0.0,96.37,0.0,False
VAR_T01888,1,0.0246,0.0,98.78,0.0,False
VAR_T01889,1,0.0244,0.0,98.72,0.0,False
VAR_T01890,1,0.0204,0.0,96.55,0.0,False
VAR_T01891,1,0.0248,0.0,97.66,0.0,False
VAR_T01892,1,0.9761,100.0,98.32,0.0,False
VAR_T01893,1,0.0235,0.0,95.45,0.0,False
VAR_T01894,1,0.9769,100.0,96.71,0.0,False
VAR_T01895,1,0.0215,0.0,87.48,0.0,False
VAR_T01896,1,0.665,67.45,96.56,0.0,False
VAR_T01897,1,0.9769,100.0,97.04,0.0,False
VAR_T01898,1,0.9761,100.0,97.81,0.0,False
VAR_T01899,1,0.9772,100.0,98.25,0.0,False
VAR_T01900,1,0.0245,0.0,98.48,0.0,False
VAR_T01901,1,0.9773,100.0,97.37,0.0,False
VAR_T01902,1,0.9769,100.0,97.58,0.0,False
VAR_T01903,1,0.9771,100.0,97.5,0.0,False
VAR_T01904,1,0.0248,0.0,98.31,0.0,False
VAR_T01905,1,0.023,0.0,95.4,0.0,False
VAR_T01906,1,0.0209,0.0,87.26,0.0,False
VAR_T01907,1,0.02,0.0,96.72,0.2,False
VAR_T01908,1,0.9767,100.0,96.33,0.0,False
VAR_T01909,1,0.02,0.0,98.89,0.2,False
VAR_T01910,1,0.0255,0.0,97.52,0.0,False
VAR_T01911,1,0.0201,0.0,96.54,0.2,False
VAR_T01912,1,0.0245,0.0,98.07,0.0,False
VAR_T01913,1,0.0199,0.0,99.26,0.2,False
VAR_T01914,1,0.0247,0.0,98.85,0.0,False
VAR_T01915,1,0.0251,0.0,98.22,0.0,False
VAR_T01916,1,0.9768,100.0,97.24,0.0,False
VAR_T01917,1,0.9767,100.0,97.71,0.0,False
VAR_T01918,1,0.9771,100.0,98.03,0.0,False
VAR_T01919,1,0.9767,100.0,97.89,0.0,False
VAR_T01920,1,0.0216,0.0,97.71,0.0,False
VAR_T01921,1,0.0244,0.0,97.65,0.0,False
VAR_T01922,1,0.0305,0.34,97.53,0.0,False
VAR_T01923,1,0.0231,0.0,93.94,0.0,False
VAR_T01924,1,0.9772,100.0,97.15,0.0,False
VAR_T01925,1,0.0218,0.0,93.11,0.0,False
VAR_T01926,1,0.9771,100.0,97.95,0.0,False
VAR_T01927,1,0.977,100.0,97.36,0.0,False
VAR_T01928,1,0.0249,0.0,98.7,0.0,False
VAR_T01929,1,0.9733,100.0,93.56,0.0,False
VAR_T01930,1,0.9773,100.0,98.17,0.0,False
VAR_T01931,1,0.9753,100.0,94.31,0.0,False
VAR_T01932,1,0.9752,100.0,96.06,0.0,False
VAR_T01933,1,0.9769,100.0,95.42,0.0,False
VAR_T01934,1,0.9768,100.0,97.78,0.0,False
VAR_T01935,1,0.0254,0.0,97.63,0.0,False
VAR_T01936,1,0.9742,100.0,94.56,0.0,False
VAR_T01937,1,0.9775,100.0,96.57,0.0,False
VAR_T01938,1,0.9772,100.0,96.72,0.0,False
VAR_T01939,1,0.9769,100.0,96.95,0.0,False
VAR_T01940,1,0.0244,0.0,97.04,0.0,False
VAR_T01941,1,0.0223,0.0,96.97,0.2,False
VAR_T01942,1,0.0228,0.0,94.49,0.0,False
VAR_T01943,1,0.0246,0.0,98.74,0.0,False
VAR_T01944,1,0.9756,100.0,95.59,0.0,False
VAR_T01945,1,0.0245,0.0,97.76,0.0,False
VAR_T01946,1,0.025,0.0,97.7,0.0,False
VAR_T01947,1,0.0248,0.0,98.51,0.0,False
VAR_T01948,1,0.9762,100.0,97.4,0.0,False
VAR_T01949,1,0.0247,0.0,97.76,0.0,False
VAR_T01950,1,0.9736,100.0,92.69,0.0,False
VAR_T01951,1,0.9754,100.0,96.81,0.0,False
VAR_T01952,1,0.9769,100.0,97.86,0.0,False
VAR_T01953,1,0.0202,0.0,97.15,0.0,False
VAR_T01954,1,0.9772,100.0,96.57,0.0,False
VAR_T01955,1,0.977,100.0,97.64,0.0,False
VAR_T01956,1,0.0254,0.0,98.13,0.0,False
VAR_T01957,1,0.0245,0.0,98.53,0.0,False
VAR_T01958,1,0.9771,100.0,97.9,0.0,False
VAR_T01959,1,0.0224,0.0,94.38,0.0,False
VAR_T01960,1,0.9768,100.0,97.42,0.0,False
VAR_T01961,1,0.0249,0.0,98.45,0.0,False
VAR_T01962,1,0.9755,100.0,96.08,0.0,False
VAR_T01963,1,0.9769,100.0,97.18,0.0,False
VAR_T01964,1,0.9762,100.0,97.54,0.0,False
VAR_T01965,1,0.9776,100.0,95.98,0.0,False
VAR_T01966,1,0.0287,0.15,97.76,0.0,False
VAR_T01967,1,0.9769,100.0,96.4,0.0,False
VAR_T01968,1,0.0263,0.0,98.32,0.0,False
VAR_T01969,1,0.977,100.0,96.94,0.0,False
VAR_T01970,1,0.9764,100.0,98.31,0.0,False
VAR_T01971,1,0.0251,0.0,97.61,0.0,False
VAR_T01972,1,0.9769,100.0,97.39,0.0,False
VAR_T01973,1,0.9769,100.0,96.9,0.0,False
VAR_T01974,1,0.0245,0.0,94.44,0.029,False
VAR_T01975,1,0.023,0.0,95.42,0.0,False
VAR_T01976,1,0.9757,100.0,96.83,0.0,False
VAR_T01977,1,0.9772,100.0,97.49,0.0,False
VAR_T01978,1,0.0205,0.0,97.0,0.0,False
VAR_T01979,1,0.0249,0.0,97.91,0.0,False
VAR_T01980,1,0.9761,100.0,97.82,0.0,False
VAR_T01981,1,0.0246,0.0,97.42,0.0,False
VAR_T01982,1,0.9774,100.0,96.62,0.0,False
VAR_T01983,1,0.0237,0.0,95.48,0.0,False
VAR_T01984,1,0.0245,0.0,96.31,0.0,False
VAR_T01985,1,0.977,100.0,97.53,0.0,False
VAR_T01986,1,0.0218,0.0,90.46,0.0,False
VAR_T01987,1,0.9761,100.0,97.12,0.0,False
VAR_T01988,1,0.025,0.0,97.81,0.0,False
VAR_T01989,1,0.9762,100.0,96.93,0.0,False
VAR_T01990,1,0.9762,100.0,96.94,0.0,False
VAR_T01991,1,0.0234,0.0,95.57,0.0,False
VAR_T01992,1,0.025,0.0,98.48,0.0,False
VAR_T01993,1,0.0244,0.0,98.6,0.0,False
VAR_T01994,1,0.0247,0.0,97.73,0.0,False
VAR_T01995,1,0.0203,0.0,96.09,0.2,False
VAR_T01996,1,0.0249,0.0,98.26,0.0,False
VAR_T01997,1,0.9768,100.0,98.16,0.0,False
VAR_T01998,1,0.0247,0.0,97.62,0.0,False
VAR_T01999,1,0.0234,0.0,95.05,0.0,False
VAR_T02000,1,0.9771,100.0,96.54,0.0,False
VAR_T02001,1,0.9768,100.0,97.34,0.0,False
VAR_T02002,1,0.9772,100.0,97.77,0.0,False
VAR_T02003,1,0.0222,0.0,92.89,0.0,False
VAR_T02004,1,0.0245,0.0,98.74,0.0,False
VAR_T02005,1,0.0226,0.0,93.19,0.0,False
VAR_T02006,1,0.9721,99.93,97.66,0.0,False
VAR_T02007,1,0.0246,0.0,96.94,0.0,False
VAR_T02008,1,0.025,0.0,98.3,0.0,False
VAR_T02009,1,0.977,100.0,97.38,0.0,False
VAR_T02010,1,0.9769,100.0,97.85,0.0,False
VAR_T02011,1,0.0244,0.0,98.36,0.0,False
VAR_T02012,1,0.0212,0.0,83.07,0.171,False
VAR_T02013,1,0.9758,100.0,96.22,0.0,False
VAR_T02014,1,0.0241,0.0,94.86,0.0,False
VAR_T02015,1,0.0204,0.0,96.62,0.0,False
VAR_T02016,1,0.9764,100.0,95.52,0.0,False
VAR_T02017,1,0.0266,0.0,98.1,0.0,False
VAR_T02018,1,0.9767,100.0,96.3,0.0,False
VAR_T02019,1,0.9764,100.0,96.69,0.0,False
VAR_T02020,1,0.0209,0.0,93.56,0.0,False
VAR_T02021,1,0.9765,100.0,96.59,0.0,False
VAR_T02022,1,0.0246,0.0,97.72,0.0,False
VAR_T02023,1,0.9771,100.0,97.75,0.0,False
VAR_T02024,1,0.9772,100.0,97.05,0.0,False
VAR_T02025,1,0.9743,100.0,97.88,0.0,False
VAR_T02026,1,0.977,100.0,97.83,0.0,False
VAR_T02027,1,0.9765,100.0,96.84,0.0,False
VAR_T02028,1,0.0239,0.0,97.29,0.0,False
VAR_T02029,1,0.0246,0.0,98.24,0.0,False
VAR_T02030,1,0.9763,100.0,97.54,0.0,False
VAR_T02031,1,0.9757,100.0,97.04,0.0,False
VAR_T02032,1,0.9759,100.0,97.52,0.0,False
VAR_T02033,1,0.977,100.0,97.45,0.0,False
VAR_T02034,1,0.0249,0.0,98.38,0.0,False
VAR_T02035,1,0.0242,0.0,98.72,0.0,False
VAR_T02036,1,0.0205,0.0,94.64,0.0,False
VAR_T02037,1,0.0257,0.0,98.61,0.0,False
VAR_T02038,1,0.0247,0.0,97.92,0.0,False
VAR_T02039,1,0.9718,99.9,94.44,0.0,False
VAR_T02040,1,0.9757,100.0,97.18,0.0,False
VAR_T02041,1,0.0252,0.0,98.05,0.0,False
VAR_T02042,1,0.9771,100.0,98.35,0.0,False
VAR_T02043,1,0.977,100.0,97.25,0.0,False
VAR_T02044,1,0.0243,0.0,98.19,0.0,False
VAR_T02045,1,0.0243,0.0,97.98,0.0,False
VAR_T02046,1,0.977,100.0,97.51,0.0,False
VAR_T02047,1,0.9747,100.0,96.7,0.0,False
VAR_T02048,1,0.0246,0.0,97.01,0.029,False
VAR_T02049,1,0.977,100.0,96.57,0.0,False
VAR_T02050,1,0.0246,0.0,97.8,0.0,False
VAR_T02051,1,0.0246,0.0,96.03,0.0,False
VAR_T02052,1,0.977,100.0,97.71,0.0,False
VAR_T02053,1,0.0243,0.0,99.03,0.0,False
VAR_T02054,1,0.0247,0.0,98.53,0.0,False
VAR_T02055,1,0.9746,100.0,96.97,0.0,False
VAR_T02056,1,0.025,0.0,97.92,0.0,False
VAR_T02057,1,0.9735,100.0,97.78,0.0,False
VAR_T02058,1,0.0244,0.0,98.33,0.0,False
VAR_T02059,1,0.9773,100.0,97.02,0.0,False
VAR_T02060,1,0.0246,0.0,97.56,0.0,False
VAR_T02061,1,0.9768,100.0,96.12,0.0,False
VAR_T02062,1,0.9764,100.0,97.8,0.0,False
VAR_T02063,1,0.9767,100.0,97.23,0.0,False
VAR_T02064,1,0.9769,100.0,97.74,0.0,False
VAR_T02065,1,0.0246,0.0,98.37,0.0,False
VAR_T02066,1,0.9771,100.0,98.45,0.0,False
VAR_T02067,1,0.025,0.0,98.63,0.0,False
VAR_T02068,1,0.977,100.0,97.49,0.0,False
VAR_T02069,1,0.0213,0.0,93.69,0.0,False
VAR_T02070,1,0.9771,100.0,98.46,0.0,False
VAR_T02071,1,0.02,0.0,94.71,0.2,False
VAR_T02072,1,0.0283,0.11,94.42,0.0,False
VAR_T02073,1,0.9754,100.0,94.88,0.0,False
VAR_T02074,1,0.0253,0.0,98.71,0.0,False
VAR_T02075,1,0.0248,0.0,97.37,0.0,False
VAR_T02076,1,0.9771,100.0,98.69,0.0,False
VAR_T02077,1,0.0238,0.0,94.36,0.0,False
VAR_T02078,1,0.0252,0.0,98.09,0.0,False
VAR_T02079,1,0.0201,0.0,96.56,0.171,False
VAR_T02080,1,0.9767,100.0,97.46,0.0,False
VAR_T02081,1,0.9759,100.0,97.85,0.0,False
VAR_T02082,1,0.9769,100.0,96.86,0.0,False
VAR_T02083,1,0.0246,0.0,97.58,0.029,False
VAR_T02084,1,0.0248,0.0,98.35,0.0,False
VAR_T02085,1,0.9773,100.0,98.15,0.0,False
VAR_T02086,1,0.025,0.0,97.57,0.0,False
VAR_T02087,1,0.977,100.0,97.63,0.0,False
VAR_T02088,1,0.0225,0.0,93.62,0.029,False
VAR_T02089,1,0.9772,100.0,96.64,0.0,False
VAR_T02090,1,0.9774,100.0,97.35,0.0,False
VAR_T02091,1,0.0248,0.0,97.97,0.0,False
VAR_T02092,1,0.025,0.0,98.0,0.0,False
VAR_T02093,1,0.9768,100.0,96.57,0.0,False
VAR_T02094,1,0.9768,100.0,95.36,0.0,False
VAR_T02095,1,0.025,0.0,97.23,0.0,False
VAR_T02096,1,0.0248,0.0,98.46,0.0,False
VAR_T02097,1,0.9765,100.0,98.27,0.0,False
VAR_T02098,1,0.9748,100.0,97.21,0.0,False
VAR_T02099,1,0.0249,0.0,97.92,0.029,False
VAR_T02100,1,0.9764,100.0,98.04,0.0,False
VAR_T02101,1,0.9746,100.0,96.12,0.0,False
VAR_T02102,1,0.0249,0.0,98.53,0.0,False
VAR_T02103,1,0.0248,0.0,98.75,0.0,False
VAR_T02104,1,0.0211,0.0,82.9,0.0,False
VAR_T02105,1,0.0234,0.0,96.51,0.0,False
VAR_T02106,1,0.9767,100.0,97.49,0.0,False
VAR_T02107,1,0.9769,100.0,98.76,0.0,False
VAR_T02108,1,0.0246,0.0,98.36,0.0,False
VAR_T02109,1,0.0204,0.0,95.71,0.171,False
VAR_T02110,1,0.0247,0.0,98.99,0.0,False
VAR_T02111,1,0.9774,100.0,97.08,0.0,False
VAR_T02112,1,0.0283,0.11,97.93,0.0,False
VAR_T02113,1,0.0247,0.0,97.63,0.0,False
VAR_T02114,1,0.9773,100.0,98.49,0.0,False
VAR_T02115,1,0.0245,0.0,97.3,0.0,False
VAR_T02116,1,0.9765,100.0,97.62,0.0,False
VAR_T02117,1,0.9761,100.0,97.07,0.0,False
VAR_T02118,1,0.0201,0.0,96.66,0.0,False
VAR_T02119,1,0.9739,100.0,92.58,0.0,False
VAR_T02120,1,0.9737,100.0,97.5,0.0,False
VAR_T02121,1,0.0247,0.0,98.25,0.0,False
VAR_T02122,1,0.0246,0.0,97.95,0.0,False
VAR_T02123,1,0.0247,0.0,97.39,0.0,False
VAR_T02124,1,0.9767,100.0,97.47,0.0,False
VAR_T02125,1,0.9771,100.0,97.75,0.0,False
VAR_T02126,1,0.0203,0.0,92.96,0.0,False
VAR_T02127,1,0.0229,0.0,95.12,0.0,False
VAR_T02128,1,0.9771,100.0,97.22,0.0,False
VAR_T02129,1,0.9763,100.0,98.03,0.0,False
VAR_T02130,1,0.0244,0.0,97.96,0.0,False
VAR_T02131,1,0.977,100.0,96.72,0.0,False
VAR_T02132,1,0.9773,100.0,97.15,0.0,False
VAR_T02133,1,0.0242,0.0,98.7,0.0,False
VAR_T02134,1,0.9768,100.0,96.8,0.0,False
VAR_T02135,1,0.0245,0.0,98.0,0.0,False
VAR_T02136,1,0.9773,100.0,97.29,0.0,False
VAR_T02137,1,0.023,0.0,96.34,0.0,False
VAR_T02138,1,0.9773,100.0,98.28,0.0,False
VAR_T02139,1,0.0245,0.0,98.41,0.0,False
VAR_T02140,1,0.0248,0.0,97.72,0.0,False
VAR_T02141,1,0.0247,0.0,97.68,0.0,False
VAR_T02142,1,0.0246,0.0,96.42,0.0,False
VAR_T02143,1,0.9773,100.0,97.39,0.0,False
VAR_T02144,1,0.977,100.0,98.69,0.0,False
VAR_T02145,1,0.9769,100.0,97.42,0.0,False
VAR_T02146,1,0.9763,100.0,96.78,0.0,False
VAR_T02147,1,0.0213,0.0,95.47,0.0,False
VAR_T02148,1,0.9775,100.0,96.25,0.0,False
VAR_T02149,1,0.977,100.0,98.13,0.0,False
VAR_T02150,1,0.0246,0.0,98.3,0.0,False
VAR_T02151,1,0.0243,0.0,98.28,0.0,False
VAR_T02152,1,0.9768,100.0,96.37,0.0,False
VAR_T02153,1,0.9774,100.0,97.18,0.0,False
VAR_T02154,1,0.9771,100.0,97.62,0.0,False
VAR_T02155,1,0.9769,100.0,97.41,0.0,False
VAR_T02156,1,0.0232,0.0,93.78,0.0,False
VAR_T02157,1,0.023,0.0,92.68,0.0,False
VAR_T02158,1,0.9772,100.0,96.46,0.0,False
VAR_T02159,1,0.9766,100.0,96.73,0.0,False
VAR_T02160,1,0.0244,0.0,98.34,0.0,False
VAR_T02161,1,0.0213,0.0,93.77,0.0,False
VAR_T02162,1,0.0245,0.0,97.18,0.0,False
VAR_T02163,1,0.0244,0.0,98.6,0.0,False
VAR_T02164,1,0.9752,100.0,97.56,0.0,False
VAR_T02165,1,0.9765,100.0,97.32,0.0,False
VAR_T02166,1,0.0245,0.0,98.5,0.0,False
VAR_T02167,1,0.9771,100.0,97.93,0.0,False
VAR_T02168,1,0.0245,0.0,97.97,0.0,False
VAR_T02169,1,0.976,100.0,96.94,0.0,False
VAR_T02170,1,0.9768,100.0,97.05,0.0,False
VAR_T02171,1,0.9771,100.0,96.39,0.0,False
VAR_T02172,1,0.9754,100.0,98.26,0.0,False
VAR_T02173,1,0.9765,100.0,97.49,0.0,False
VAR_T02174,1,0.0212,0.0,94.05,0.0,False
VAR_T02175,1,0.0209,0.0,94.91,0.0,False
VAR_T02176,1,0.025,0.0,97.07,0.0,False
VAR_T02177,1,0.9769,100.0,97.85,0.0,False
VAR_T02178,1,0.0252,0.0,98.42,0.0,False
VAR_T02179,1,0.0227,0.0,96.19,0.0,False
VAR_T02180,1,0.9745,100.0,97.65,0.0,False
VAR_T02181,1,0.9768,100.0,97.44,0.0,False
VAR_T02182,1,0.0218,0.0,92.54,0.0,False
VAR_T02183,1,0.0208,0.0,96.54,0.029,False
VAR_T02184,1,0.0253,0.0,98.1,0.0,False
VAR_T02185,1,0.0266,0.0,97.88,0.0,False
VAR_T02186,1,0.9772,100.0,97.28,0.0,False
VAR_T02187,1,0.0247,0.0,98.54,0.0,False
VAR_T02188,1,0.9768,100.0,96.67,0.0,False
VAR_T02189,1,0.9771,100.0,97.84,0.0,False
VAR_T02190,1,0.0199,0.0,99.1,0.171,False
VAR_T02191,1,0.023,0.0,93.36,0.0,False
VAR_T02192,1,0.977,100.0,95.98,0.0,False
VAR_T02193,1,0.0213,0.0,87.6,0.0,False
VAR_T02194,1,0.977,100.0,97.29,0.0,False
VAR_T02195,1,0.0244,0.0,97.65,0.0,False
VAR_T02196,1,0.9758,100.0,98.59,0.0,False
VAR_T02197,1,0.977,100.0,98.34,0.0,False
VAR_T02198,1,0.0208,0.0,95.4,0.0,False
VAR_T02199,1,0.0249,0.0,98.49,0.0,False
VAR_T02200,1,0.9766,100.0,97.65,0.0,False
VAR_T02201,1,0.9765,100.0,95.89,0.0,False
VAR_T02202,1,0.9768,100.0,97.47,0.0,False
VAR_T02203,1,0.0201,0.0,92.53,0.2,False
VAR_T02204,1,0.0265,0.0,97.69,0.0,False
VAR_T02205,1,0.0237,0.0,93.61,0.0,False
VAR_T02206,1,0.977,100.0,97.26,0.0,False
VAR_T02207,1,0.0246,0.0,98.52,0.0,False
VAR_T02208,1,0.0244,0.0,98.4,0.0,False
VAR_T02209,1,0.9748,100.0,93.44,0.0,False
VAR_T02210,1,0.9772,100.0,97.46,0.0,False
VAR_T02211,1,0.0245,0.0,97.95,0.0,False
VAR_T02212,1,0.0202,0.0,95.98,0.0,False
VAR_T02213,1,0.977,100.0,96.21,0.0,False
VAR_T02214,1,0.0245,0.0,98.51,0.0,False
VAR_T02215,1,0.021,0.0,94.22,0.0,False
VAR_T02216,1,0.9736,100.0,86.76,0.0,False
VAR_T02217,1,0.0252,0.0,98.32,0.0,False
VAR_T02218,1,0.9769,100.0,98.0,0.0,False
VAR_T02219,1,0.9769,100.0,97.21,0.0,False
VAR_T02220,1,0.0242,0.0,97.31,0.0,False
VAR_T02221,1,0.9771,100.0,98.11,0.0,False
VAR_T02222,1,0.0247,0.0,97.26,0.0,False
VAR_T02223,1,0.9769,100.0,96.58,0.0,False
VAR_T02224,1,0.9768,100.0,96.28,0.0,False
VAR_T02225,1,0.9772,100.0,98.41,0.0,False
VAR_T02226,1,0.9771,100.0,98.38,0.0,False
VAR_T02227,1,0.9763,100.0,96.51,0.0,False
VAR_T02228,1,0.0247,0.0,97.72,0.0,False
VAR_T02229,1,0.0248,0.0,96.5,0.0,False
VAR_T02230,1,0.9763,100.0,96.82,0.0,False
VAR_T02231,1,0.9766,100.0,97.75,0.0,False
VAR_T02232,1,0.9763,100.0,98.17,0.0,False
VAR_T02233,1,0.9765,100.0,95.54,0.0,False
VAR_T02234,1,0.0257,0.0,98.22,0.0,False
VAR_T02235,1,0.0245,0.0,98.2,0.0,False
VAR_T02236,1,0.025,0.0,96.09,0.0,False
VAR_T02237,1,0.0212,0.0,92.9,0.029,False
VAR_T02238,1,0.0246,0.0,97.87,0.0,False
VAR_T02239,1,0.977,100.0,97.65,0.0,False
VAR_T02240,1,0.9766,100.0,98.55,0.0,False
VAR_T02241,1,0.0248,0.0,98.02,0.0,False
VAR_T02242,1,0.9765,100.0,98.06,0.0,False
VAR_T02243,1,0.9769,100.0,96.93,0.0,False
VAR_T02244,1,0.0252,0.0,98.5,0.0,False
VAR_T02245,1,0.0256,0.0,97.38,0.0,False
VAR_T02246,1,0.9768,100.0,97.48,0.0,False
VAR_T02247,1,0.9741,100.0,96.78,0.0,False
VAR_T02248,1,0.025,0.0,98.33,0.0,False
VAR_T02249,1,0.9773,100.0,96.98,0.0,False
VAR_T02250,1,0.0204,0.0,93.09,0.2,False
VAR_T02251,1,0.0205,0.0,97.1,0.0,False
VAR_T02252,1,0.9768,100.0,98.66,0.0,False
VAR_T02253,1,0.0244,0.0,98.4,0.0,False
VAR_T02254,1,0.027,0.0,96.6,0.0,False
VAR_T02255,1,0.9771,100.0,97.55,0.0,False
VAR_T02256,1,0.0246,0.0,97.92,0.0,False
VAR_T02257,1,0.9774,100.0,97.1,0.0,False
VAR_T02258,1,0.0246,0.0,97.75,0.0,False
VAR_T02259,1,0.9765,100.0,97.07,0.0,False
VAR_T02260,1,0.023,0.0,95.82,0.0,False
VAR_T02261,1,0.9773,100.0,97.42,0.0,False
VAR_T02262,1,0.9727,100.0,96.42,0.0,False
VAR_T02263,1,0.977,100.0,97.93,0.0,False
VAR_T02264,1,0.977,100.0,98.19,0.0,False
VAR_T02265,1,0.0215,0.0,93.08,0.0,False
VAR_T02266,1,0.9765,100.0,98.39,0.0,False
VAR_T02267,1,0.0243,0.0,97.46,0.0,False
VAR_T02268,1,0.9736,100.0,95.85,0.0,False
VAR_T02269,1,0.0209,0.0,93.63,0.0,False
VAR_T02270,1,0.9722,99.94,93.45,0.0,False
VAR_T02271,1,0.0244,0.0,97.4,0.0,False
VAR_T02272,1,0.0246,0.0,97.6,0.0,False
VAR_T02273,1,0.977,100.0,96.84,0.0,False
VAR_T02274,1,0.0243,0.0,97.7,0.0,False
VAR_T02275,1,0.0201,0.0,98.54,0.0,False
VAR_T02276,1,0.9762,100.0,97.82,0.0,False
VAR_T02277,1,0.0222,0.0,89.38,0.0,False
VAR_T02278,1,0.0211,0.0,91.08,0.0,False
VAR_T02279,1,0.0247,0.0,97.58,0.0,False
VAR_T02280,1,0.9768,100.0,97.83,0.0,False
VAR_T02281,1,0.9767,100.0,98.2,0.0,False
VAR_T02282,1,0.976,100.0,98.35,0.0,False
VAR_T02283,1,0.0219,0.0,94.39,0.0,False
VAR_T02284,1,0.0218,0.0,96.7,0.0,False
VAR_T02285,1,0.9766,100.0,98.02,0.0,False
VAR_T02286,1,0.0231,0.0,94.42,0.0,False
VAR_T02287,1,0.9764,100.0,97.85,0.0,False
VAR_T02288,1,0.0247,0.0,98.59,0.0,False
VAR_T02289,1,0.9767,100.0,98.1,0.0,False
VAR_T02290,1,0.9771,100.0,96.83,0.0,False
VAR_T02291,1,0.0247,0.0,98.41,0.0,False
VAR_T02292,1,0.0249,0.0,97.2,0.0,False
VAR_T02293,1,0.9761,100.0,97.56,0.0,False
VAR_T02294,1,0.9772,100.0,96.52,0.0,False
VAR_T02295,1,0.0245,0.0,98.33,0.0,False
VAR_T02296,1,0.0244,0.0,97.97,0.0,False
VAR_T02297,1,0.977,100.0,96.79,0.0,False
VAR_T02298,1,0.9762,100.0,95.86,0.0,False
VAR_T02299,1,0.024,0.0,93.05,0.0,False
VAR_T02300,1,0.9768,100.0,96.86,0.0,False
VAR_T02301,1,0.9769,100.0,97.15,0.0,False
VAR_T02302,1,0.0247,0.0,98.06,0.0,False
VAR_T02303,1,0.0233,0.0,95.04,0.0,False
VAR_T02304,1,0.0206,0.0,94.42,0.0,False
VAR_T02305,1,0.0252,0.0,93.58,0.029,False
VAR_T02306,1,0.977,100.0,97.54,0.0,False
VAR_T02307,1,0.9773,100.0,97.42,0.0,False
VAR_T02308,1,0.0243,0.0,96.43,0.0,False
VAR_T02309,1,0.0244,0.0,97.72,0.0,False
VAR_T02310,1,0.02,0.0,96.97,0.2,False
VAR_T02311,1,0.977,100.0,97.07,0.0,False
VAR_T02312,1,0.0206,0.0,89.08,0.0,False
VAR_T02313,1,0.02,0.0,98.81,0.0,False
VAR_T02314,1,0.9769,100.0,97.16,0.0,False
VAR_T02315,1,0.0251,0.0,98.32,0.0,False
VAR_T02316,1,0.9764,100.0,97.32,0.0,False
VAR_T02317,1,0.9742,100.0,93.92,0.0,False
VAR_T02318,1,0.0202,0.0,94.55,0.0,False
VAR_T02319,1,0.9764,100.0,96.04,0.0,False
VAR_T02320,1,0.9765,100.0,97.44,0.0,False
VAR_T02321,1,0.0247,0.0,97.59,0.0,False
VAR_T02322,1,0.0255,0.0,98.08,0.0,False
VAR_T02323,1,0.0247,0.0,98.16,0.0,False
VAR_T02324,1,0.9771,100.0,97.66,0.0,False
VAR_T02325,1,0.9741,100.0,97.57,0.0,False
VAR_T02326,1,0.0248,0.0,97.58,0.0,False
VAR_T02327,1,0.0202,0.0,96.52,0.0,False
VAR_T02328,1,0.9765,100.0,96.14,0.0,False
VAR_T02329,1,0.9769,100.0,97.85,0.0,False
VAR_T02330,1,0.0214,0.0,91.72,0.0,False
VAR_T02331,1,0.9755,100.0,95.36,0.0,False
VAR_T02332,1,0.9764,100.0,97.85,0.0,False
VAR_T02333,1,0.0251,0.0,94.84,0.0,False
VAR_T02334,1,0.9768,100.0,96.98,0.0,False
VAR_T02335,1,0.027,0.0,91.92,0.0,False
VAR_T02336,1,0.9762,100.0,97.12,0.0,False
VAR_T02337,1,0.0246,0.0,98.67,0.0,False
VAR_T02338,1,0.9772,100.0,96.46,0.0,False
VAR_T02339,1,0.0253,0.0,97.28,0.0,False
VAR_T02340,1,0.0251,0.0,97.89,0.0,False
VAR_T02341,1,0.0261,0.0,97.54,0.0,False
VAR_T02342,1,0.0214,0.0,92.51,0.0,False
VAR_T02343,1,0.977,100.0,96.44,0.0,False
VAR_T02344,1,0.9767,100.0,97.32,0.0,False
VAR_T02345,1,0.9771,100.0,97.13,0.0,False
VAR_T02346,1,0.975,100.0,98.9,0.0,False
VAR_T02347,1,0.0213,0.0,93.32,0.0,False
VAR_T02348,1,0.9767,100.0,96.82,0.0,False
VAR_T02349,1,0.9759,100.0,97.66,0.0,False
VAR_T02350,1,0.0249,0.0,97.45,0.0,False
VAR_T02351,1,0.0244,0.0,97.26,0.0,False
VAR_T02352,1,0.9739,100.0,94.25,0.0,False
VAR_T02353,1,0.9752,100.0,97.03,0.0,False
VAR_T02354,1,0.9754,100.0,98.55,0.0,False
VAR_T02355,1,0.9768,100.0,97.67,0.0,False
VAR_T02356,1,0.0251,0.0,97.51,0.0,False
VAR_T02357,1,0.0214,0.0,93.99,0.0,False
VAR_T02358,1,0.9767,100.0,96.77,0.0,False
VAR_T02359,1,0.9768,100.0,97.78,0.0,False
VAR_T02360,1,0.0249,0.0,98.42,0.0,False
VAR_T02361,1,0.025,0.0,97.75,0.0,False
VAR_T02362,1,0.0247,0.0,98.27,0.0,False
VAR_T02363,1,0.0237,0.0,97.03,0.029,False
VAR_T02364,1,0.9762,100.0,96.14,0.0,False
VAR_T02365,1,0.977,100.0,96.61,0.0,False
VAR_T02366,1,0.0248,0.0,97.91,0.0,False
VAR_T02367,1,0.9718,99.9,94.35,0.0,False
VAR_T02368,1,0.0232,0.0,96.28,0.0,False
VAR_T02369,1,0.9713,99.85,94.21,0.0,False
VAR_T02370,1,0.9774,100.0,97.57,0.0,False
VAR_T02371,1,0.9772,100.0,96.72,0.0,False
VAR_T02372,1,0.9764,100.0,97.94,0.0,False
VAR_T02373,1,0.9759,100.0,97.58,0.0,False
VAR_T02374,1,0.0209,0.0,90.89,0.029,False
VAR_T02375,1,0.0216,0.0,92.66,0.029,False
VAR_T02376,1,0.0251,0.0,99.04,0.0,False
VAR_T02377,1,0.9769,100.0,96.64,0.0,False
VAR_T02378,1,0.0212,0.0,94.76,0.0,False
VAR_T02379,1,0.0205,0.0,82.88,0.2,False
VAR_T02380,1,0.9772,100.0,97.04,0.0,False
VAR_T02381,1,0.9764,100.0,96.62,0.0,False
VAR_T02382,1,0.0203,0.0,91.02,0.2,False
VAR_T02383,1,0.0252,0.0,98.45,0.0,False
VAR_T02384,1,0.0244,0.0,98.12,0.0,False
VAR_T02385,1,0.0237,0.0,93.78,0.0,False
VAR_T02386,1,0.977,100.0,97.43,0.0,False
VAR_T02387,1,0.0203,0.0,91.74,0.0,False
VAR_T02388,1,0.974,100.0,98.17,0.0,False
VAR_T02389,1,0.9772,100.0,98.01,0.0,False
VAR_T02390,1,0.0244,0.0,98.1,0.0,False
VAR_T02391,1,0.0247,0.0,97.43,0.0,False
VAR_T02392,1,0.9767,100.0,97.95,0.0,False
VAR_T02393,1,0.0262,0.0,97.02,0.2,False
VAR_T02394,1,0.977,100.0,98.09,0.0,False
VAR_T02395,1,0.021,0.0,93.28,0.0,False
VAR_T02396,1,0.9769,100.0,97.94,0.0,False
VAR_T02397,1,0.9766,100.0,97.08,0.0,False
VAR_T02398,1,0.0248,0.0,96.33,0.0,False
VAR_T02399,1,0.0212,0.0,91.74,0.0,False
VAR_T02400,1,0.9771,100.0,97.5,0.0,False
VAR_T02401,1,0.9771,100.0,97.57,0.0,False
VAR_T02402,1,0.0199,0.0,98.51,0.2,False
VAR_T02403,1,0.0206,0.0,95.38,0.0,False
VAR_T02404,1,0.9769,100.0,96.28,0.0,False
VAR_T02405,1,0.0244,0.0,96.85,0.0,False
VAR_T02406,1,0.0248,0.0,96.46,0.0,False
VAR_T02407,1,0.0252,0.0,98.38,0.0,False
VAR_T02408,1,0.9765,100.0,97.3,0.0,False
VAR_T02409,1,0.0251,0.0,98.63,0.0,False
VAR_T02410,1,0.0244,0.0,97.4,0.0,False
VAR_T02411,1,0.026,0.0,97.79,0.0,False
VAR_T02412,1,0.0239,0.0,97.77,0.0,False
VAR_T02413,1,0.976,100.0,98.14,0.0,False
VAR_T02414,1,0.0247,0.0,97.62,0.0,False
VAR_T02415,1,0.9764,100.0,97.23,0.0,False
VAR_T02416,1,0.9772,100.0,97.6,0.0,False
VAR_T02417,1,0.9771,100.0,97.78,0.0,False
VAR_T02418,1,0.0225,0.0,95.18,0.0,False
VAR_T02419,1,0.9764,100.0,97.52,0.0,False
VAR_T02420,1,0.0203,0.0,94.71,0.0,False
VAR_T02421,1,0.9771,100.0,97.47,0.0,False
VAR_T02422,1,0.0257,0.0,97.27,0.0,False
VAR_T02423,1,0.0221,0.0,91.74,0.0,False
VAR_T02424,1,0.9773,100.0,97.23,0.0,False
VAR_T02425,1,0.0242,0.0,99.0,0.0,False
VAR_T02426,1,0.9765,100.0,97.17,0.0,False
VAR_T02427,1,0.9772,100.0,96.29,0.0,False
VAR_T02428,1,0.9761,100.0,98.17,0.0,False
VAR_T02429,1,0.0205,0.0,89.2,0.171,False
VAR_T02430,1,0.9731,100.0,97.25,0.0,False
VAR_T02431,1,0.9766,100.0,97.3,0.0,False
VAR_T02432,1,0.9773,100.0,97.72,0.0,False
VAR_T02433,1,0.0235,0.0,93.8,0.0,False
VAR_T02434,1,0.9774,100.0,97.46,0.0,False
VAR_T02435,1,0.0229,0.0,93.02,0.0,False
VAR_T02436,1,0.0237,0.0,94.19,0.0,False
VAR_T02437,1,0.0248,0.0,96.67,0.0,False
VAR_T02438,1,0.0247,0.0,98.61,0.0,False
VAR_T02439,1,0.9771,100.0,97.9,0.0,False
VAR_T02440,1,0.0248,0.0,98.61,0.0,False
VAR_T02441,1,0.9772,100.0,97.53,0.0,False
VAR_T02442,1,0.9763,100.0,97.48,0.0,False
VAR_T02443,1,0.9769,100.0,97.91,0.0,False
VAR_T02444,1,0.0206,0.0,93.79,0.0,False
VAR_T02445,1,0.0261,0.0,97.83,0.0,False
VAR_T02446,1,0.0211,0.0,91.68,0.0,False
VAR_T02447,1,0.9767,100.0,97.67,0.0,False
VAR_T02448,1,0.0221,0.0,92.54,0.0,False
VAR_T02449,1,0.9766,100.0,97.37,0.0,False
VAR_T02450,1,0.9773,100.0,96.45,0.0,False
VAR_T02451,1,0.9765,100.0,98.17,0.0,False
VAR_T02452,1,0.0246,0.0,97.26,0.0,False
VAR_T02453,1,0.977,100.0,98.02,0.0,False
VAR_T02454,1,0.9763,100.0,97.06,0.0,False
VAR_T02455,1,0.0239,0.0,98.21,0.0,False
VAR_T02456,1,0.9758,100.0,97.37,0.0,False
VAR_T02457,1,0.9771,100.0,97.46,0.0,False
VAR_T02458,1,0.0243,0.0,97.32,0.0,False
VAR_T02459,1,0.0245,0.0,97.43,0.0,False
